candidate,is_titular,abbreviation,year,chamber,election
Montserrat Nebrera González,TRUE,PxC,2010,Parlament de Catalunya,autonomical_2010_11
Josep Graells March,TRUE,PxC,2010,Parlament de Catalunya,autonomical_2010_12
Jose María Pujol Masip,TRUE,PxC,2010,Parlament de Catalunya,autonomical_2010_13
Juan Antonio Andújar Hurtado,TRUE,PxC,2010,Parlament de Catalunya,autonomical_2010_14
Rosa-Gema de Olano Biada,TRUE,PxC,2010,Parlament de Catalunya,autonomical_2010_15
Alejandro Campos Martí,TRUE,PxC,2010,Parlament de Catalunya,autonomical_2010_16
Esteban Carlos Montanya Escorsell,TRUE,PxC,2010,Parlament de Catalunya,autonomical_2010_17
Manel Tresánchez Banzo,TRUE,PxC,2010,Parlament de Catalunya,autonomical_2010_18
Violeta Prat Avià,TRUE,PxC,2010,Parlament de Catalunya,autonomical_2010_19
Mercè Arimón Ventura,TRUE,PxC,2010,Parlament de Catalunya,autonomical_2010_20
Francisco Avilés Salazar,TRUE,PxC,2010,Parlament de Catalunya,autonomical_2010_21
Fernando Alvarez Gomez,TRUE,PxC,2010,Parlament de Catalunya,autonomical_2010_22
Laura Aguilar Vilata,TRUE,PxC,2010,Parlament de Catalunya,autonomical_2010_23
Dmitri Terentiev Astajov,TRUE,PxC,2010,Parlament de Catalunya,autonomical_2010_24
Salónica Asensio Muñoz,TRUE,PxC,2010,Parlament de Catalunya,autonomical_2010_25
Esteban Muñoz Cotes,TRUE,PxC,2010,Parlament de Catalunya,autonomical_2010_26
Rosa María Martínez Nieto,TRUE,PxC,2010,Parlament de Catalunya,autonomical_2010_27
Ignacio Garriga Vaz de Concicao,TRUE,PxC,2010,Parlament de Catalunya,autonomical_2010_28
Mª Victoria Garcia Tomás,TRUE,PxC,2010,Parlament de Catalunya,autonomical_2010_29
Albert Guivernau Molina,TRUE,PxC,2010,Parlament de Catalunya,autonomical_2010_30
Pablo Esteve Izquierdo,TRUE,PxC,2010,Parlament de Catalunya,autonomical_2010_31
Ana Drago Doménech,TRUE,PxC,2010,Parlament de Catalunya,autonomical_2010_32
Silvestre Oller Figueras,TRUE,PxC,2010,Parlament de Catalunya,autonomical_2010_33
Yolanda Codina Ventura,TRUE,PxC,2010,Parlament de Catalunya,autonomical_2010_34
Javier Vidal Gilabert,TRUE,PxC,2010,Parlament de Catalunya,autonomical_2010_35
David Bertran Román,TRUE,PxC,2010,Parlament de Catalunya,autonomical_2010_36
Gemma Aguilar Alonso,TRUE,PxC,2010,Parlament de Catalunya,autonomical_2010_37
Nicolás Alcántara Kühn,TRUE,PxC,2010,Parlament de Catalunya,autonomical_2010_38
Antonia Navío Boté,TRUE,PxC,2010,Parlament de Catalunya,autonomical_2010_39
Sergio Porrón Méndez,TRUE,PxC,2010,Parlament de Catalunya,autonomical_2010_40
Manuel Jose Baro Peñascal,TRUE,PxC,2010,Parlament de Catalunya,autonomical_2010_41
Ana Graciela Vásquez Chávez,TRUE,PxC,2010,Parlament de Catalunya,autonomical_2010_42
Miguel Curto Escardo,TRUE,PxC,2010,Parlament de Catalunya,autonomical_2010_43
Thaïs Muñoz Oliva,TRUE,PxC,2010,Parlament de Catalunya,autonomical_2010_44
Jordi Cochs Tarafa,TRUE,PxC,2010,Parlament de Catalunya,autonomical_2010_45
Enrique José Blasi Celma,TRUE,PxC,2010,Parlament de Catalunya,autonomical_2010_46
Mercedes Hinojosa Moreno,TRUE,PxC,2010,Parlament de Catalunya,autonomical_2010_47
Javier Andrés Reñaga Mussi,TRUE,PxC,2010,Parlament de Catalunya,autonomical_2010_48
Celia A. Herce Alvarez,TRUE,PxC,2010,Parlament de Catalunya,autonomical_2010_49
Alexandre Jaumot Lumbera,TRUE,PxC,2010,Parlament de Catalunya,autonomical_2010_50
Sergio Alvarez Perea,TRUE,PxC,2010,Parlament de Catalunya,autonomical_2010_51
Mª Carmen Ullod Marcos,TRUE,PxC,2010,Parlament de Catalunya,autonomical_2010_52
David Molina Sánchez,TRUE,PxC,2010,Parlament de Catalunya,autonomical_2010_53
Isabel Marin Bruna,TRUE,PxC,2010,Parlament de Catalunya,autonomical_2010_54
Santiago Establier Santamaría,TRUE,PxC,2010,Parlament de Catalunya,autonomical_2010_55
Ramón Timblau del Tio,TRUE,PxC,2010,Parlament de Catalunya,autonomical_2010_56
Maria Antonia Farre Jarana,TRUE,PxC,2010,Parlament de Catalunya,autonomical_2010_57
Jorge González León,TRUE,PxC,2010,Parlament de Catalunya,autonomical_2010_58
Ana Garcia del Valle,TRUE,PxC,2010,Parlament de Catalunya,autonomical_2010_59
Epifanio Diaz del Rio de Fortuny,TRUE,PxC,2010,Parlament de Catalunya,autonomical_2010_60
David Linero Maldonado,TRUE,PxC,2010,Parlament de Catalunya,autonomical_2010_61
Anna María Barcelona Mas,TRUE,PxC,2010,Parlament de Catalunya,autonomical_2010_62
Jaime García Colón,TRUE,PxC,2010,Parlament de Catalunya,autonomical_2010_63
Mariía Montserrat Sánchez Fernández,TRUE,PxC,2010,Parlament de Catalunya,autonomical_2010_64
Valentín Biosca Grau,TRUE,PxC,2010,Parlament de Catalunya,autonomical_2010_65
Pere Antoni Bonastre Díaz,TRUE,PxC,2010,Parlament de Catalunya,autonomical_2010_66
Dolores Olmedo Martinez,TRUE,PxC,2010,Parlament de Catalunya,autonomical_2010_67
Antolín García Hernández,TRUE,PxC,2010,Parlament de Catalunya,autonomical_2010_68
Manuela Marin Jodar,TRUE,PxC,2010,Parlament de Catalunya,autonomical_2010_69
Domingo Iglesias Yañez,TRUE,PxC,2010,Parlament de Catalunya,autonomical_2010_70
Manuel Gonzalez Bonshoms,TRUE,PxC,2010,Parlament de Catalunya,autonomical_2010_71
Ester Bayes Garcia,TRUE,PxC,2010,Parlament de Catalunya,autonomical_2010_72
Juan Salvadó Simón,TRUE,PxC,2010,Parlament de Catalunya,autonomical_2010_73
Ana Mª Castaño Diaz,TRUE,PxC,2010,Parlament de Catalunya,autonomical_2010_74
Jordi Gallardo Roldan,TRUE,PxC,2010,Parlament de Catalunya,autonomical_2010_75
Fernando Gaya Bartoll,TRUE,PxC,2010,Parlament de Catalunya,autonomical_2010_76
Yolanda Lopez Fernandez,TRUE,PxC,2010,Parlament de Catalunya,autonomical_2010_77
Alfredo A. Rodriguez Castilla,TRUE,PxC,2010,Parlament de Catalunya,autonomical_2010_78
Tania Hinojosa Estirado,TRUE,PxC,2010,Parlament de Catalunya,autonomical_2010_79
Joan Sisniega Paretas,TRUE,PxC,2010,Parlament de Catalunya,autonomical_2010_80
Jose Luis Díaz San Emeterio,TRUE,PxC,2010,Parlament de Catalunya,autonomical_2010_81
Tamara Arenas Navarro,TRUE,PxC,2010,Parlament de Catalunya,autonomical_2010_82
Jonatan Cardenas Perez,TRUE,PxC,2010,Parlament de Catalunya,autonomical_2010_83
Mª Antonia Maspons Font,TRUE,PxC,2010,Parlament de Catalunya,autonomical_2010_84
Oriol Guardia Maspons,TRUE,PxC,2010,Parlament de Catalunya,autonomical_2010_85
Ricardo Joaquin Alegre Arbizu,TRUE,PxC,2010,Parlament de Catalunya,autonomical_2010_86
Siham Taouri Meskah,TRUE,PxC,2010,Parlament de Catalunya,autonomical_2010_87
Eduardo Carreras Martínez,TRUE,PxC,2010,Parlament de Catalunya,autonomical_2010_88
Carlota Vila Borja,TRUE,PxC,2010,Parlament de Catalunya,autonomical_2010_89
Diego Romero Ruiz,TRUE,PxC,2010,Parlament de Catalunya,autonomical_2010_90
Carlos Ríos Calavia,TRUE,PxC,2010,Parlament de Catalunya,autonomical_2010_91
Maria Jose Artesona Torres,TRUE,PxC,2010,Parlament de Catalunya,autonomical_2010_92
Sheila Montes Villegas,TRUE,PxC,2010,Parlament de Catalunya,autonomical_2010_93
Abraham Cobo Sánchez,TRUE,PxC,2010,Parlament de Catalunya,autonomical_2010_94
Paris Grau Galceran,TRUE,PxC,2010,Parlament de Catalunya,autonomical_2010_95
Luis Coll Aris,FALSE,PxC,2010,Parlament de Catalunya,autonomical_2010_96
Carmen Espinosa Moreno,FALSE,PxC,2010,Parlament de Catalunya,autonomical_2010_97
Antoni Biosca Freixa,FALSE,PxC,2010,Parlament de Catalunya,autonomical_2010_98
Trinidad Romero Serrano,FALSE,PxC,2010,Parlament de Catalunya,autonomical_2010_99
Jesus Doncel Escamilla,FALSE,PxC,2010,Parlament de Catalunya,autonomical_2010_100
Enrique Orihuela López,FALSE,PxC,2010,Parlament de Catalunya,autonomical_2010_101
Maria Dolores Lopez Sanchez,FALSE,PxC,2010,Parlament de Catalunya,autonomical_2010_102
Jaime Fernandez Ballesteros,FALSE,PxC,2010,Parlament de Catalunya,autonomical_2010_103
Jessica Perez Rodriguez,FALSE,PxC,2010,Parlament de Catalunya,autonomical_2010_104
Mario Berengué Anguera,FALSE,PxC,2010,Parlament de Catalunya,autonomical_2010_105