timestamp,original,statuscode,mimetype
20190426015310,https://www.voxespana.es/noticias,200,text/html
20190324105441,https://www.voxespana.es/noticias-vox,200,text/html
20190424114232,https://www.voxespana.es/noticias/100-medidas-urgentes-de-vox-para-espana-20181006,200,text/html
20190426015416,https://www.voxespana.es/noticias/100-medidas-urgentes-de-vox-para-espana-20181006?amp,200,text/html
20190426051836,https://www.voxespana.es/noticias/canas-por-espana-en-barcelona-con-juan-cremades-20180701,200,text/html
20190426074030,https://www.voxespana.es/noticias/canas-por-espana-en-barcelona-con-juan-cremades-20180701?amp,200,text/html
20190426021833,https://www.voxespana.es/noticias/concentracion-no-al-cierre-motril-merece-un-hospital-digno-y-profesional-20181005,200,text/html
20190426075152,https://www.voxespana.es/noticias/concentracion-no-al-cierre-motril-merece-un-hospital-digno-y-profesional-20181005?amp,200,text/html
20190426091351,https://www.voxespana.es/noticias/el-congreso-aprueba-la-reforma-de-la-ley-de-de-biodiversidad-y-especies-invasoras-con-el-voto-en-contra-del-psoe-y-podemos-20180628,200,text/html
20190427204159,https://www.voxespana.es/noticias/el-congreso-aprueba-la-reforma-de-la-ley-de-de-biodiversidad-y-especies-invasoras-con-el-voto-en-contra-del-psoe-y-podemos-20180628?amp,200,text/html
20190428063319,https://www.voxespana.es/noticias/intervencion-de-jose-maria-llanos-presidente-de-vox-valencia-en-la-buena-economia-de-r4g-valencia-29-06-2018-20180702,200,text/html
20190426111318,https://www.voxespana.es/noticias/page/2,200,text/html
20190427014127,https://www.voxespana.es/noticias/page/3,200,text/html
20190425231853,https://www.voxespana.es/noticias/recibe-las-ultimas-novedades-de-vox-en-tu-whatsapp-20180628,200,text/html
20190428082902,https://www.voxespana.es/noticias/recibe-las-ultimas-novedades-de-vox-en-tu-whatsapp-20180628?amp,200,text/html
20190427023552,https://www.voxespana.es/noticias/vox-alicante-acude-al-multitudinario-acto-de-vox-en-el-palacio-de-vistalegre-de-madrid-20181008,200,text/html
20190423203115,https://www.voxespana.es/noticias/vox-israel-y-oriente-medio-20160601,200,text/html
20190426011358,https://www.voxespana.es/noticias/vox-llena-vistalegre-y-los-alrededores-20181007,200,text/html
20190427001606,https://www.voxespana.es/noticias/vox-llena-vistalegre-y-los-alrededores-20181007?amp,200,text/html
20190427023621,https://www.voxespana.es/noticias/vox-solicita-al-tribunal-supremo-la-ejecucion-de-la-suspension-de-cargo-y-sueldo-de-los-procesados-diputados-20180628,200,text/html
20190426080645,https://www.voxespana.es/noticias/vox-tarragona-contra-la-propaganda-partidista-1-o-y-la-violencia-de-los-cdr-20181005,200,text/html
