timestamp,url,fecha,titulo,cuerpo
20191108102110,https://www.voxespana.es/noticias,,Noticias,Santiago Abascal en Herrera en COPE: “Estamos haciendo una contribución a que España sea un poco más plural”
20191108102103,https://www.voxespana.es/noticias/100-medidas-urgentes-de-vox-para-espana-20181006,,100 medidas urgentes de VOX para España,"VOX presenta las 100 medidas urgentes de VOX para España atendiendo a los problemas que más preocupan a los españoles: la unidad de España, la destrucción de clase media, los elevados impuestos, la seguridad de nuestras fronteras y el recorte de las libertades. Nombre DESCARGAR AQUÍ nacional/VOX"
20191108102101,https://www.voxespana.es/noticias/debate-mejores-momentos-de-santiago-abascal-20191105,,Los mejores momentos de Santiago Abascal en el debate,"El debate de este lunes nos ha dejado multitud de momentos únicos en los que el presidente de nuestra formación, Santiago Abascal, ha tenido la oportunidad de llegar a miles de hogares evitando el filtro y la distorsión a la que diferentes medios habían sometido a VOX desde su nacimiento. El directo, las respuestas y las réplicas al resto de candidatos han permitido a todos los españoles conocer de primera mano la visión de VOX respecto a diferentes temas que aquí hemos resumido con algunas de las mejores intervenciones. 1. Minuto de Plata 📺 Todos los partidos comparten las mismas políticas migratorias, de ideología de género, de memoria histórica y de defensa ciega de las Autonomías, menos VOX. 📢 RT Difunde. Este #10N toca elegir: consenso progre o la libertad de los españoles.#ElDebate4N #DebateElectoral pic.twitter.com/26qRXqamhF — VOX 🇪🇸 (@vox_es) November 4, 2019 2. Situación en Cataluña 📺 @Santi_ABASCAL «En Cataluña ha habido un golpe de Estado permanente, que comenzó en los tiempos de Puyol y sigue con Torra. El 155, que se aplicó tarde y descafeinado, no sirvió ni para intervenir TV3». 📢 #ElDebate4N #DebateElectoral pic.twitter.com/qAwDNVkYPo — VOX 🇪🇸 (@vox_es) November 4, 2019 3. Inmigración 📺 @Santi_ABASCAL recuerda que la mayoría de las manadas están formadas por inmigrantes. El resto de partidos miran a otro lado e ignoran este problema. 📢 #ElDebate4N #DebateElectoral ⬇⬇⬇ pic.twitter.com/IkXPUKmMXG — VOX 🇪🇸 (@vox_es) November 4, 2019 4. En respuesta a la falsa «memoria histórica» de Sánchez 📺 Monumental repaso de @Santi_ABASCAL a Pedro Sánchez «No ha venido a traer concordia a los españoles, ha venido a abrir viejas heridas y a decirle a los españoles lo que tienen que pensar». 📢 #ElDebate4N #DebateElectoral pic.twitter.com/8lRa6desLR — VOX 🇪🇸 (@vox_es) November 4, 2019 5. «No me va a dar lecciones de democracia» 📺 @Santi_ABASCAL pulveriza a Pablo Iglesias «No me va a dar lecciones de democracia ni de defensa del orden constitucional. Yo me jugaba la vida amenazado por ETA en el País Vasco mientras usted presumía de que ETA tenía perspicacia política». 📢 #ElDebate4N #DebateElectoral pic.twitter.com/GtRi8aT0EL — VOX 🇪🇸 (@vox_es) November 4, 2019 url:https://www.voxespana.es/noticias/debate-mejores-momentos-de-santiago-abascal-20191105title:Los mejores momentos de Santiago Abascal en el debate"
20191018022339,https://www.voxespana.es/noticias/discurso-de-santiago-abascal-en-vistalegre-plus-ultra-20191006,,StackPath,
20191018022310,https://www.voxespana.es/noticias/espana-siempre-20191001,,StackPath,
20191108102104,https://www.voxespana.es/noticias/estos-son-los-24-diputados-que-llevaran-la-voz-de-la-espana-viva-al-congreso-20190429,,Estos son los 24 diputados que llevarán la voz de la España Viva al Congreso,"El 28 de abril más de 2 millones y medio de españoles decidieron que ya era hora de que sus ideas y valores se representen con valentía y claridad en el Congreso de los Diputados. Los 24 diputados que VOX ha sacado se encargarán durante esta legislatura de representar a los votantes de las 18 provincias que otorgaron al menos un escaño a la formación liderada por Santiago Abascal. Profesores, militares, abogados o empresarios; los diputados de VOX en el Congreso tienen gran experiencia en sus respectivas profesiones. Algunos de ellos como Lourdes Méndez Monasterio (Murcia) o Ignacio Gil Lázaro (Valencia) han pasado ya por la Cámara Baja y dominan su funcionamiento y procedimientos. Otros diputados entran aportando aire fresco a las instituciones tras llevar años trabajando en sus respectivas profesiones. El odontólogo Ignacio Garriga ha obtenido un escaño por Barcelona, la Abogada del Estado, Macarena Olona, representará a los granadinos en el Congreso. Otros ejemplos son el empresario Víctor Sánchez del Real (Badajoz) o el profesor de Filosofía Joaquín Robles López, número dos en las listas por Murcia. Dos exmilitares, el General Agustín Rosety (Cádiz) y el Teniente General Manuel Maestre (Alicante), seguirán sirviendo a España, esta vez desde la política. Junto a ellos estará Pedro Fernández Hernández, vicesecretario jurídico de VOX y candidato por Zaragoza, que actualmente ejerce junto a Ortega Smith la acusación popular en el juicio del Tribunal Supremo a los golpistas del 1 de octubre. Estos y otros diputados acompañarán a los cabeza de lista por Madrid, Santiago Abascal, Javier Ortega Smith e Iván Espinosa de los Monteros en su labor de dar voz a quienes hasta ahora habían sido ignorados por los políticos. Aquí la lista completa de los 24 diputados elegidos para el Congreso de los Diputados: Santiago Abascal (Madrid) Javier Ortega Smith (Madrid) Iván Espinosa de los Monteros (Madrid) María Ruiz Solás (Madrid) Carla Toscano de Balbín (Madrid) Manuel Mestre Barea (Alicante) Rocío de Meer Méndez (Almería) José María Figaredo (Asturias) Víctor Sánchez del Real (Badajoz) Ignacio Garriga (Barcelona) Agustín Rosety Fernández de Castro (Cádiz) Ricardo Chamorro (Ciudad Real) José Ramírez del Río (Córdoba) Macarena Olona (Granada) Magdalena Margarita Contestí (Islas Baleares) Patricia Rueda Perello (Málaga) Lourdes Méndez Monasterio (Murcia) Joaquín Robles López (Murcia) María de los Reyes Romero Vilches (Sevilla) Manuel Mariscal (Toledo) Ignacio Gil Lázaro (Valencia) Cristina Esteban Calonje (Valencia) Pablo Sáez Alonso-Muñumer (Valladolid) Pedro Fernández Hernández (Zaragoza) url:https://www.voxespana.es/noticias/estos-son-los-24-diputados-que-llevaran-la-voz-de-la-espana-viva-al-congreso-20190429title:Estos son los 24 diputados que llevarán la voz de la España Viva al Congreso"
20191018022215,https://www.voxespana.es/noticias/hermann-tertsch-no-debemos-tolerar-que-a-nuestros-agricultores-les-ponga-condiciones-greta-20191008,,StackPath,
20191018022246,https://www.voxespana.es/noticias/ivan-espinosa-en-24h-una-vez-se-aclare-lo-pactado-seguiremos-con-las-demas-cosas-20190619,,StackPath,
20191018022019,https://www.voxespana.es/noticias/ivan-espinosa-estan-buscando-la-confrontacion-entre-espanoles-20191003,,StackPath,
20191108102103,https://www.voxespana.es/noticias/nacional,,Nacional,Discurso de Santiago Abascal en Vistalegre Plus Ultra
20191108102101,https://www.voxespana.es/noticias/ortega-smith-la-frontera-de-melilla-es-la-mas-expugnable-e-insegura-de-europa-20191107,,Ortega Smith: ‘La frontera de Melilla es la más expugnable e insegura de Europa’,"El secretario general de VOX ha mostrado su apoyo a los cuerpos y fuerzas de seguridad del Estado desplazados en la zona. Javier Ortega Smith ha exigido en su viaje a Melilla «que se construya un muro de hormigón lo suficientemente alto que evite los saltos» y ha mostrado su apoyo a los cuerpos y fuerzas de seguridad del Estado que realizan su labor «con una falta de medios inaceptable». Durante su visita a los agentes de la Policía Nacional y la Guardia Civil de servicio en el puesto fronterizo de Beni-Enzar, Ortega Smith ha recordado que «esta frontera es la más expugnable de Europa y la más insegura para los intereses de España». 🚨🚨🚨 @Ortega_Smith reclama en Melilla más seguridad para la frontera e insiste en la construcción de un muro de hormigón para frenar la inmigración masiva. ⬇⬇⬇ pic.twitter.com/uny7bbFLNC — VOX 🇪🇸 (@vox_es) November 6, 2019 «Hacen falta más medios y una justa retribución para las personas que realizan las tan necesarias labores de control y vigilancia», ha aseverado el dirigente de VOX, que ha visitado la ciudad autónoma para exigir «que se construya un muro de hormigón lo suficientemente alto que evite los saltos». Ortega Smith ha denunciado que los inmigrantes ilegales pueden saltar la valla actual «en menos de dos minutos»: «Lo peor es que el inmigrante sabe que podrá estar en territorio español sin ser devuelvo inmediatamente, en caliente, en frío o en templado». url:https://www.voxespana.es/noticias/ortega-smith-la-frontera-de-melilla-es-la-mas-expugnable-e-insegura-de-europa-20191107title:Ortega Smith: &#8216;La frontera de Melilla es la más expugnable e insegura de Europa&#8217;"
20191018022252,https://www.voxespana.es/noticias/recibe-las-ultimas-novedades-de-vox-en-tu-telegram-20190710,,StackPath,
20191108102103,https://www.voxespana.es/noticias/santiago-abascal-durante-el-minuto-de-oro-queremos-defender-la-libertad-frente-a-la-dictadura-progre-20191105,,Santiago Abascal durante el minuto de oro: «Queremos defender la libertad frente a la dictadura progre»,"El candidato de VOX a la presidencia del Gobierno, Santiago Abascal, quiso aprovechar su minuto final en el debate para hacer énfasis en las cuestiones que han caracterizado la posición de VOX desde los primeros años de nuestra formación. Para ello, se dirigió a todos los españoles señalando que ahora sí podrían escuchar, sin manipulaciones ni distorsiones, la postura de VOX. El presidente de nuestra formación abogó por la defensa de la unidad de España frente a sus enemigos, tanto internos como externos, y reivindicó la soberanía de la nación frente a todos aquellos que la amenazan. Para ello, señaló una de las propuestas que han caracterizado nuestro mensaje: la ilegalización de los partidos separatistas. Además, aprovechó su turno para defender una disminución del gasto público que llevaría consigo una bajada de impuestos que permitiría a los españoles respirar un poco más aliviados en medio de la gran presión fiscal que impera en España. El líder de VOX aprovechó, también, para cargar con otro de los grandes lastres del país, un Estado autonómico que fomenta la desigualdad entre españoles. 📍 Defensa de la unidad de España 📍 Ilegalizar a los partidos separatistas 📍 Reducir el gasto político 📍 Drástica bajada de impuestos 📍 Combatir la inmigración ilegal 📍 Fuera Autonomías 📍 Libertad frente a la dictadura progre RT si estás de acuerdo #EspañaSiempre 💪🇪🇸 pic.twitter.com/yHFp8PSfyH — VOX 🇪🇸 (@vox_es) November 5, 2019 url:https://www.voxespana.es/noticias/santiago-abascal-durante-el-minuto-de-oro-queremos-defender-la-libertad-frente-a-la-dictadura-progre-20191105title:Santiago Abascal durante el minuto de oro: &#171;Queremos defender la libertad frente a la dictadura progre&#187;"
20191108102103,https://www.voxespana.es/noticias/santiago-abascal-en-herrera-en-cope-estamos-haciendo-una-contribucion-a-que-espana-sea-un-poco-mas-plural-20191107,,Santiago Abascal en Herrera en COPE: “Estamos haciendo una contribución a que España sea un poco más plural”,"El líder de VOX ha sido entrevistado esta mañana en COPE, donde Carlos Herrera le ha preguntado por la polémica de las últimas horas con el diario El País, el cual afirmó que a VOX no se le puede tratar como al resto de partidos. Sobre ello, Abascal ha mencionado que ha captado el mensaje y que, siguiendo su ejemplo, nuestra formación hará lo propio con El País, un periódico militante al que no tratará como al resto de periodistas. Sobre la “alerta antifascista” que se ha lanzado en tantas ocasiones, el presidente de VOX ha dejado claro que no se trata de un tema que le preocupe personalmente, a excepción de las consecuencias sociales que pueda tener entre simpatizantes y militantes de VOX. Preguntado por la superioridad moral de la izquierda, ha afirmado que la causa radica en el hecho de que la derecha le ha regalado esa superioridad moral, renunciando a cualquier tipo de debate en el campo de las ideas. Por ello hacen uso de las etiquetas, pues los debates que ellos pensaban cerrados han sido abiertos por VOX sin complejos, en medio de un panorama político que ya no puede prescindir de ellos, pues millones de personas los han avalado en las urnas. 📻 Entrevista a @Santi_ABASCAL en @HerreraenCOPE. 🗨 «El País dijo que a VOX no se le podía tratar como al resto de partidos, nosotros hemos entendido el mensaje y, en consecuencia, hemos decidido que tampoco se les puede tratar como al resto de los periodistas». ⬇ HILO ⬇ pic.twitter.com/8EmUJNhMts — VOX 🇪🇸 (@vox_es) November 7, 2019 url:https://www.voxespana.es/noticias/santiago-abascal-en-herrera-en-cope-estamos-haciendo-una-contribucion-a-que-espana-sea-un-poco-mas-plural-20191107title:Santiago Abascal en Herrera en COPE: “Estamos haciendo una contribución a que España sea un poco más plural”"
20191018022446,https://www.voxespana.es/noticias/santiago-abascal-responde-a-la-efemeride-laudatoria-de-pablo-iglesias-al-che-guevara-20191009,,StackPath,
20191108102102,https://www.voxespana.es/noticias/tu-que-estas-leyendo-estas-lineas-eres-el-mejor-portavoz-de-la-espana-viva-por-manuel-mariscal-20190402,,"‘Tú, que estás leyendo estas líneas, eres el mejor portavoz de la España Viva’. Por Manuel Mariscal","Aquí podrás encontrar lo que realmente queremos para España, nuestros discursos sin manipular y nuestros documentos sin falsificar. Los medios de comunicación del sistema han despreciado a la España Viva durante todos estos años. Primero ocultando su existencia y después, cuando no podían disimular más su fuerza, lanzado contra ella todo tipo de insultos, etiquetas y sambenitos. Muy lejos de conseguir arrinconarla como pretendían, la hicieron despertarse aún con más ganas. Ahora, durante la campaña electoral, esos medios de comunicación intentarán distraer a la #EspañaViva lanzando todo tipo de noticias falsas contra ella y diciéndola que su voto es inútil. Todos los medios del sistema, sin excepción, orquestarán todo tipo de campañas como nunca se ha visto en nuestro país contra un movimiento político. El 28 de abril la España Viva hará historia. No solo con su voto, también demostrando su capacidad de reacción contra estos medios. ¿Cómo? Con su propio medio de comunicación, que tendrá la mayor plantilla de toda España. Porque todos nosotros seremos más periodistas que esos tertulianos que se suenan los mocos con la bandera de todos o esos redactores de digitales financiados por los separatistas y las oligarquías globalistas. Tú, que estás leyendo estas líneas, eres el mejor portavoz de la España Viva. Por eso os pedimos que todos los días entres en esta web y difundas el contenido que publicamos a tus amigos y familiares a través de tus redes sociales y tus grupos de WhatsApp. Aquí podrás encontrar lo que realmente queremos para España, nuestros discursos sin manipular y nuestros documentos sin falsificar. Han despertado a la España Viva, con todo su genio, su fuerza y su orgullo y no se detendrá hasta recuperar su futuro. Manuel Mariscal es Vicesecretario de Comunicación de VOX y candidato al Congreso de los Diputados por Toledo. url:https://www.voxespana.es/noticias/tu-que-estas-leyendo-estas-lineas-eres-el-mejor-portavoz-de-la-espana-viva-por-manuel-mariscal-20190402title:&#8216;Tú, que estás leyendo estas líneas, eres el mejor portavoz de la España Viva&#8217;. Por Manuel Mariscal"
20191108102138,https://www.voxespana.es/noticias/un-grupo-de-proetarras-agreden-a-la-candidata-de-vox-por-vizcaya-nerea-alzola-20191107,,"Un grupo de proetarras agreden a la candidata de VOX por Vizcaya, Nerea Alzola","La candidata de VOX al Congreso por Vizcaya, Nerea Alzola, ha sido agredida en Sestao mientras repartía folletos e información con las propuestas electorales de VOX. Se trataba de un acto relacionado con la campaña, en el que se buscaba dar a conocer las medidas del partido entre los vecinos del municipio. La mañana se ha desarrollado con normalidad hasta que un grupo de proetarras se han acercado para tratar de boicotear el acto, con gritos, silbidos y otras proclamas, como ya ha pasado anteriormente. Mesa en #SESTAO esta mañana. El poso del odio que siembra el consenso progre, recoge sus frutos. ¿@sanchezcastejon a dónde nos llevas? Agresiones físicas y amenazas. Seguimos 🇪🇸 Hay que cambiar todo esto, solo #VOX puede.#votoÚtil pic.twitter.com/8rvOeNDaKB — Nerea Alzola ✨ (@nereaalzola) November 7, 2019 Durante un momento de ausencia de la policía que custodiaba a los miembros de VOX, un grupo de radicales han aprovechado la ocasión para destruir todo cuanto han encontrado en su camino y agredir a la candidata, a la cual le ha propinado varios puñetazos y una patada en el estómago. El presidente de VOX, Santiago Abascal, ha denunciado la agresión en redes sociales. El PAÍS, el PNV y Sánchez ya han conseguido lo que querían: nuestra candidata en Vizcaya ha sufrido hoy una agresión en Sestao por parte de individuos que le han pateado y dado puñetazos en estómago. Se han dado P.R.I.S.A en cumplir las órdenes de vuestro editorial. Tomamos nota pic.twitter.com/Ht7PhmvQyc — Santiago Abascal (@Santi_ABASCAL) November 7, 2019 url:https://www.voxespana.es/noticias/un-grupo-de-proetarras-agreden-a-la-candidata-de-vox-por-vizcaya-nerea-alzola-20191107title:Un grupo de proetarras agreden a la candidata de VOX por Vizcaya, Nerea Alzola"
20191108102102,https://www.voxespana.es/noticias/vox-convoca-a-sus-simpatizantes-al-gran-acto-de-cierre-de-campana-en-colon-20191104,,VOX cerrará la campaña con un gran acto en Colón,"Nuestra formación ha estimado convocar a todos nuestros afiliados, militantes y simpatizantes a un gran acto que pondrá fin a la campaña electoral que ha precedido las elecciones del próximo 10 de noviembre. El escenario elegido es la Plaza de Colón, en Madrid, un lugar que ya ha acogido actos y concentraciones de VOX en otras ocasiones. La última de ellas, el pasado 26 de octubre, logró llenar una abarrotada plaza que albergó a más de 20.000 personas. El día escogido es el próximo viernes 8, dos días antes de los comicios en los que la España Viva se movilizará de nuevo para mostrar su apoyo a VOX, como ya hizo el pasado 28 de abril, bajo la máxima que ha definido nuestra campaña y nuestros valores desde el principio: España Siempre. 🇪🇸 CIERRE DE CAMPAÑA 🇪🇸 🗓 Viernes, 8 de noviembre. ⏰ 19:00 horas. 📍 Plaza de Colón de Madrid. 📢 Difunde con tu RT #EspañaSiempre ✌ pic.twitter.com/OSNlxy9WLE — VOX 🇪🇸 (@vox_es) November 4, 2019 url:https://www.voxespana.es/noticias/vox-convoca-a-sus-simpatizantes-al-gran-acto-de-cierre-de-campana-en-colon-20191104title:VOX cerrará la campaña con un gran acto en Colón"
20191018021950,https://www.voxespana.es/noticias/vox-exige-al-gobierno-y-a-la-ue-una-aplicacion-automatica-del-derecho-de-asilo-a-cubanos-y-venezolanos-20170428,,StackPath,
20191018022400,https://www.voxespana.es/noticias/vox-requiere-a-sanchez-toda-la-informacion-sobre-las-negociaciones-de-zapatero-con-eta-20190621,,StackPath,
