estudio,eleccion,ambito,vox_concurre,fecha_eleccion,proclamacion_candidaturas,campo_inicio,campo_fin,fecha_avance,fecha_publicacion_microdatos,campo_fin_antes_proclamacion,campo_inicio_antes_proclamacion,avance_antes_proclamacion,categoria,titulo,url_estudio,ficha_tecnica,microdatos,nota
3022,europeas_2014_05,Parlamento Europeo,1,2014-05-25,2014-04-28,2014-04-07,2014-04-26,2014-05-08,2014-05-14,True,True,False,A: campo terminado antes de la proclamación,"""Preelectoral elecciones al Parlamento Europeo 2014""",https://www.cis.es/es/estudios/preelectoral-elecciones-al-parlamento-europeo-2014,https://www.cis.es/documents/20117/1555786/Ft3022pdf.pdf,https://www.cis.es/documents/20117/1555786/MD3022.zip,
3053,autonomicas_2015_03,Andalucía,1,2015-03-22,2015-02-23,2015-01-30,2015-02-17,2015-03-05,2015-03-10,True,True,False,A: campo terminado antes de la proclamación,"""Preelectoral elecciones autonómicas 2015. Comunidad autónoma de Andalucía""",https://www.cis.es/es/estudios/preelectoral-elecciones-autonomicas-2015.-comunidad-autonoma-de-andalucia,https://www.cis.es/documents/20117/1555936/Ft3053pdf.pdf,https://www.cis.es/documents/20117/1555936/MD3053.zip,
3060,municipales_2015_05,Barcelona (municipio),1,2015-05-24,2015-04-27,2015-03-23,2015-04-16,2015-05-07,2015-06-15,True,True,False,A: campo terminado antes de la proclamación,"""Preelectoral elecciones municipales 2015. Barcelona""",https://www.cis.es/es/estudios/preelectoral-elecciones-municipales-2015.-barcelona,https://www.cis.es/documents/20117/1555971/Ft3060pdf.pdf,https://www.cis.es/documents/20117/1555971/MD3060_A.zip,
3061,municipales_2015_05,Sevilla (municipio),1,2015-05-24,2015-04-27,2015-03-23,2015-04-17,2015-05-07,2015-06-15,True,True,False,A: campo terminado antes de la proclamación,"""Preelectoral elecciones municipales 2015. Sevilla""",https://www.cis.es/es/estudios/preelectoral-elecciones-municipales-2015.-sevilla,https://www.cis.es/documents/20117/1555976/Ft3061pdf.pdf,https://www.cis.es/documents/20117/1555976/MD3061_A.zip,
3062,municipales_2015_05,Vitoria-Gasteiz (municipio),1,2015-05-24,2015-04-27,2015-03-23,2015-04-19,2015-05-07,2015-06-15,True,True,False,A: campo terminado antes de la proclamación,"""Preelectoral elecciones municipales 2015. Vitoria""",https://www.cis.es/es/estudios/preelectoral-elecciones-municipales-2015.-vitoria,https://www.cis.es/documents/20117/1555981/Ft3062pdf.pdf,https://www.cis.es/documents/20117/1555981/MD3062_A.zip,
3063,municipales_2015_05,Santiago de Compostela (municipio),0,2015-05-24,2015-04-27,2015-03-23,2015-04-16,2015-05-07,2015-06-15,True,True,False,A: campo terminado antes de la proclamación,"""Preelectoral elecciones municipales 2015. Santiago de Compostela""",https://www.cis.es/es/estudios/preelectoral-elecciones-municipales-2015.-santiago-de-compostela,https://www.cis.es/documents/20117/1555986/Ft3063pdf.pdf,https://www.cis.es/documents/20117/1555986/MD3063_A.zip,VOX no concurrió en Santiago 2015
3064,autonomicas_municipales_2015_05,Aragón + municipio de Zaragoza,0,2015-05-24,2015-04-27,2015-03-23,2015-04-20,2015-05-07,2015-06-15,True,True,False,A: campo terminado antes de la proclamación,"""Preelectoral elecciones autonómicas y municipales 2015. Comunidad autónoma de Aragón""",https://www.cis.es/es/estudios/preelectoral-elecciones-autonomicas-y-municipales-2015.-comunidad-autonoma-de-aragon,https://www.cis.es/documents/20117/1555991/Ft3064pdf.pdf,https://www.cis.es/documents/20117/1555991/MD3064_A.zip,VOX no concurrió ni a Cortes de Aragón ni a Zaragoza 2015
3065,autonomicas_municipales_2015_05,Comunidad de Madrid + municipio de Madrid,1,2015-05-24,2015-04-27,2015-03-23,2015-04-18,2015-05-07,2015-06-15,True,True,False,A: campo terminado antes de la proclamación,"""Preelectoral elecciones autonómicas y municipales 2015. Comunidad de Madrid""",https://www.cis.es/es/estudios/preelectoral-elecciones-autonomicas-y-municipales-2015.-comunidad-de-madrid,https://www.cis.es/documents/20117/1555996/Ft3065pdf.pdf,https://www.cis.es/documents/20117/1555996/MD3065_A.zip,
3066,autonomicas_municipales_2015_05,Comunidad Valenciana + municipio de Valencia,1,2015-05-24,2015-04-27,2015-03-23,2015-04-16,2015-05-07,2015-06-15,True,True,False,A: campo terminado antes de la proclamación,"""Preelectoral elecciones autonómicas y municipales 2015. Comunidad Valenciana""",https://www.cis.es/es/estudios/preelectoral-elecciones-autonomicas-y-municipales-2015.-comunidad-valenciana,https://www.cis.es/documents/20117/1556001/Ft3066pdf.pdf,https://www.cis.es/documents/20117/1556001/MD3066_A.zip,
3067,autonomicas_2015_05,Principado de Asturias,1,2015-05-24,2015-04-27,2015-03-23,2015-04-15,2015-05-07,2015-06-15,True,True,False,A: campo terminado antes de la proclamación,"""Preelectoral elecciones autonómicas 2015. Principado de Asturias""",https://www.cis.es/es/estudios/preelectoral-elecciones-autonomicas-2015.-principado-de-asturias,https://www.cis.es/documents/20117/1556006/Ft3067pdf.pdf,https://www.cis.es/documents/20117/1556006/MD3067_A.zip,
3068,autonomicas_2015_05,Illes Balears,0,2015-05-24,2015-04-27,2015-03-23,2015-04-16,2015-05-07,2015-06-15,True,True,False,A: campo terminado antes de la proclamación,"""Preelectoral elecciones autonómicas 2015. Comunidad autónoma de las Islas Baleares""",https://www.cis.es/es/estudios/preelectoral-elecciones-autonomicas-2015.-comunidad-autonoma-de-las-islas-baleares,https://www.cis.es/documents/20117/1556011/Ft3068pdf.pdf,https://www.cis.es/documents/20117/1556011/MD3068_A.zip,VOX no concurrió en Baleares 2015
3069,autonomicas_2015_05,Canarias,1,2015-05-24,2015-04-27,2015-03-23,2015-04-19,2015-05-07,2015-06-15,True,True,False,A: campo terminado antes de la proclamación,"""Preelectoral elecciones autonómicas 2015. Comunidad autónoma de Canarias""",https://www.cis.es/es/estudios/preelectoral-elecciones-autonomicas-2015.-comunidad-autonoma-de-canarias,https://www.cis.es/documents/20117/1556016/Ft3069pdf.pdf,https://www.cis.es/documents/20117/1556016/MD3069_A.zip,
3070,autonomicas_2015_05,Cantabria,1,2015-05-24,2015-04-27,2015-03-23,2015-04-16,2015-05-07,2015-06-15,True,True,False,A: campo terminado antes de la proclamación,"""Preelectoral elecciones autonómicas 2015. Comunidad autónoma de Cantabria""",https://www.cis.es/es/estudios/preelectoral-elecciones-autonomicas-2015.-comunidad-autonoma-de-cantabria,https://www.cis.es/documents/20117/1556021/Ft3070pdf.pdf,https://www.cis.es/documents/20117/1556021/MD3070_A.zip,
3071,autonomicas_2015_05,Castilla-La Mancha,1,2015-05-24,2015-04-27,2015-03-23,2015-04-18,2015-05-07,2015-06-15,True,True,False,A: campo terminado antes de la proclamación,"""Preelectoral elecciones autonómicas 2015. Comunidad autónoma de Castilla-La Mancha""",https://www.cis.es/es/estudios/preelectoral-elecciones-autonomicas-2015.-comunidad-autonoma-de-castilla-la-mancha,https://www.cis.es/documents/20117/1556026/Ft3071pdf.pdf,https://www.cis.es/documents/20117/1556026/MD3071_A.zip,
3072,autonomicas_2015_05,Castilla y León,1,2015-05-24,2015-04-27,2015-03-23,2015-04-20,2015-05-07,2015-06-15,True,True,False,A: campo terminado antes de la proclamación,"""Preelectoral elecciones autonómicas 2015. Comunidad autónoma de Castilla y León""",https://www.cis.es/es/estudios/preelectoral-elecciones-autonomicas-2015.-comunidad-autonoma-de-castilla-y-leon,https://www.cis.es/documents/20117/1556031/Ft3072pdf.pdf,https://www.cis.es/documents/20117/1556031/MD3072_A.zip,
3073,autonomicas_2015_05,Extremadura,1,2015-05-24,2015-04-27,2015-03-23,2015-04-15,2015-05-07,2015-06-15,True,True,False,A: campo terminado antes de la proclamación,"""Preelectoral elecciones autonómicas 2015. Comunidad autónoma de Extremadura""",https://www.cis.es/es/estudios/preelectoral-elecciones-autonomicas-2015.-comunidad-autonoma-de-extremadura,https://www.cis.es/documents/20117/1556036/Ft3073pdf.pdf,https://www.cis.es/documents/20117/1556036/MD3073_A.zip,
3074,autonomicas_2015_05,Región de Murcia,1,2015-05-24,2015-04-27,2015-03-23,2015-04-18,2015-05-07,2015-06-15,True,True,False,A: campo terminado antes de la proclamación,"""Preelectoral elecciones autonómicas 2015. Región de Murcia""",https://www.cis.es/es/estudios/preelectoral-elecciones-autonomicas-2015.-region-de-murcia,https://www.cis.es/documents/20117/1556041/Ft3074pdf.pdf,https://www.cis.es/documents/20117/1556041/MD3074_A.zip,
3075,autonomicas_2015_05,Navarra,0,2015-05-24,2015-04-27,2015-03-23,2015-04-18,2015-05-07,2015-06-15,True,True,False,A: campo terminado antes de la proclamación,"""Preelectoral elecciones autonómicas 2015. Comunidad Foral de Navarra""",https://www.cis.es/es/estudios/preelectoral-elecciones-autonomicas-2015.-comunidad-foral-de-navarra,https://www.cis.es/documents/20117/1556046/Ft3075pdf.pdf,https://www.cis.es/documents/20117/1556046/MD3075_A.zip,VOX no concurrió en Navarra 2015
3076,autonomicas_2015_05,La Rioja,0,2015-05-24,2015-04-27,2015-03-23,2015-04-17,2015-05-07,2015-06-15,True,True,False,A: campo terminado antes de la proclamación,"""Preelectoral elecciones autonómicas 2015. Comunidad autónoma de La Rioja""",https://www.cis.es/es/estudios/preelectoral-elecciones-autonomicas-2015.-comunidad-autonoma-de-la-rioja,https://www.cis.es/documents/20117/1556051/Ft3076pdf.pdf,https://www.cis.es/documents/20117/1556051/MD3076_A.zip,VOX no concurrió en La Rioja 2015
3077,autonomicas_2015_05,Ceuta,1,2015-05-24,2015-04-27,2015-03-23,2015-04-11,2015-05-07,2015-06-15,True,True,False,A: campo terminado antes de la proclamación,"""Preelectoral elecciones autonómicas 2015. Ciudad autónoma de Ceuta""",https://www.cis.es/es/estudios/preelectoral-elecciones-autonomicas-2015.-ciudad-autonoma-de-ceuta,https://www.cis.es/documents/20117/1556056/Ft3077pdf.pdf,https://www.cis.es/documents/20117/1556056/MD3077_A.zip,
3078,autonomicas_2015_05,Melilla,0,2015-05-24,2015-04-27,2015-03-23,2015-04-01,2015-05-07,2015-06-15,True,True,False,A: campo terminado antes de la proclamación,"""Preelectoral elecciones autonómicas 2015. Ciudad autónoma de Melilla""",https://www.cis.es/es/estudios/preelectoral-elecciones-autonomicas-2015.-ciudad-autonoma-de-melilla,https://www.cis.es/documents/20117/1556061/Ft3078pdf.pdf,https://www.cis.es/documents/20117/1556061/MD3078_A.zip,VOX no concurrió en Melilla 2015
3117,generales_2015_12,Congreso,1,2015-12-20,2015-11-23,2015-10-27,2015-11-16,2015-12-03,2015-12-15,True,True,False,A: campo terminado antes de la proclamación,"""Preelectoral elecciones generales 2015. Panel (1ª fase)""",https://www.cis.es/es/estudios/preelectoral-elecciones-generales-2015.-panel-1-fase-,https://www.cis.es/documents/20117/1556226/FT3117pdf.pdf,https://www.cis.es/documents/20117/1556226/MD3117_A.zip,Panel 1ª fase
3141,generales_2016_06,Congreso,1,2016-06-26,2016-05-30,2016-05-04,2016-05-22,2016-06-09,2016-06-16,True,True,False,A: campo terminado antes de la proclamación,"""Preelectoral elecciones generales 2016""",https://www.cis.es/es/estudios/preelectoral-elecciones-generales-2016,https://www.cis.es/documents/20117/1556341/FT3141pdf.pdf,https://www.cis.es/documents/20117/1556341/MD3141.zip,
3152,autonomicas_2016_09,País Vasco,1,2016-09-25,2016-08-30,2016-08-27,2016-09-02,2016-09-08,2016-09-15,False,True,False,B: campo solapa con la proclamación,"""Preelectoral del País Vasco. Elecciones autonómicas 2016""",https://www.cis.es/es/estudios/preelectoral-del-pais-vasco.-elecciones-autonomicas-2016,https://www.cis.es/documents/20117/1556396/FT3152pdf.pdf,https://www.cis.es/documents/20117/1556396/MD3152.zip,Proclamación verificada: 30/08/2016
3153,autonomicas_2016_09,Galicia,0,2016-09-25,2016-08-29,2016-08-29,2016-09-02,2016-09-08,2016-09-15,False,False,False,C: campo posterior a la proclamación,"""Preelectoral de Galicia. Elecciones autonómicas 2016""",https://www.cis.es/es/estudios/preelectoral-de-galicia.-elecciones-autonomicas-2016,https://www.cis.es/documents/20117/1556401/Ft3153pdf.pdf,https://www.cis.es/documents/20117/1556401/MD3153.zip,VOX no concurrió en Galicia 2016
3230,autonomicas_2018_12,Andalucía,1,2018-12-02,2018-11-05,2018-10-15,2018-10-31,2018-11-14,2018-12-04,True,True,False,A: campo terminado antes de la proclamación,"""Preelectoral elecciones autonómicas 2018. Comunidad autónoma de Andalucía""",https://www.cis.es/es/estudios/preelectoral-elecciones-autonomicas-2018.-comunidad-autonoma-de-andalucia,https://www.cis.es/documents/20117/1556796/Ft3230pdf.pdf,https://www.cis.es/documents/20117/1556796/MD3230.zip,
3242,generales_2019_04,Congreso,1,2019-04-28,2019-04-01,2019-03-01,2019-03-18,2019-04-09,2019-04-17,True,True,False,A: campo terminado antes de la proclamación,"""Macrobarómetro de marzo 2019. Preelectoral elecciones generales 2019""",https://www.cis.es/es/estudios/macrobarometro-de-marzo-2019.-preelectoral-elecciones-generales-2019,https://www.cis.es/documents/20117/1556851/FT3242pdf.pdf,https://www.cis.es/documents/20117/1556851/MD3242.zip,Macrobarómetro marzo 2019
3244,autonomicas_2019_04,Comunitat Valenciana,1,2019-04-28,2019-04-01,2019-03-15,2019-03-24,2019-04-11,2019-04-15,True,True,False,A: campo terminado antes de la proclamación,"""Preelectoral elecciones autonómicas 2019. Comunidad Valenciana""",https://www.cis.es/es/estudios/preelectoral-elecciones-autonomicas-2019.-comunidad-valenciana,https://www.cis.es/documents/20117/1556861/Ft3244pdf.pdf,https://www.cis.es/documents/20117/1556861/MD3244.zip,
3245,europeas_autonomicas_municipales_2019_05,Europeas + 12 CCAA + Ceuta/Melilla + municipios,1,2019-05-26,2019-04-29,2019-03-21,2019-04-23,2019-05-09,2019-06-25,True,True,False,A: campo terminado antes de la proclamación,"""Macrobarómetro de abril 2019. Preelectoral elecciones al Parlamento Europeo, autonómicas y municipales 2019""",https://www.cis.es/es/estudios/macrobarometro-de-abril-2019.-preelectoral-elecciones-al-parlamento-europeo-autonomicas-y-municipales-2019,https://www.cis.es/documents/20117/1556866/FT3245pdf.pdf,https://www.cis.es/documents/20117/1556866/MD3245.zip,Macrobarómetro abril 2019 (un solo fichero)
3263,generales_2019_11,Congreso,1,2019-11-10,2019-10-14,2019-09-21,2019-10-13,2019-10-29,2019-11-25,True,True,False,A: campo terminado antes de la proclamación,"""Macrobarómetro de octubre 2019. Preelectoral elecciones generales 2019""",https://www.cis.es/es/estudios/macrobarometro-de-octubre-2019.-preelectoral-elecciones-generales-2019,https://www.cis.es/documents/20117/1557011/FT3263.pdf,https://www.cis.es/documents/20117/1557011/MD3263.zip,Calendario abreviado (47 días); proclamación 14/10/2019 verificada. Campo empieza antes de la convocatoria (24/09)
3275,autonomicas_2020_04 (suspendidas),País Vasco,1,2020-04-05,2020-03-09,2020-02-17,2020-03-03,,2020-07-14,True,True,False,A: campo terminado antes de la proclamación,"""Preelectoral del País Vasco. Elecciones autonómicas abril 2020""",https://www.cis.es/es/estudios/preelectoral-del-pais-vasco.-elecciones-autonomicas-abril-2020,https://www.cis.es/documents/20117/1557076/FT3275pdf.pdf,https://www.cis.es/documents/20117/1557076/MD3275.zip,Elecciones suspendidas por COVID; resultados publicados 14/07/2020 (después del 12J). Nueva proclamación para el 12J: 15/06/2020
3276,autonomicas_2020_04 (suspendidas),Galicia,1,2020-04-05,2020-03-09,2020-02-17,2020-03-02,,2020-07-14,True,True,False,A: campo terminado antes de la proclamación,"""Preelectoral de Galicia. Elecciones autonómicas abril 2020""",https://www.cis.es/es/estudios/preelectoral-de-galicia.-elecciones-autonomicas-abril-2020,https://www.cis.es/documents/20117/1557081/FT3276pdf.pdf,https://www.cis.es/documents/20117/1557081/MD3276.zip,Elecciones suspendidas por COVID; resultados publicados 14/07/2020 (después del 12J). Nueva proclamación para el 12J: 15/06/2020
3286,autonomicas_2020_07,País Vasco,1,2020-07-12,2020-06-15,2020-06-10,2020-06-19,2020-06-24,2020-07-23,False,True,False,B: campo solapa con la proclamación,"""Preelectoral del País Vasco. Elecciones autonómicas julio 2020""",https://www.cis.es/es/estudios/preelectoral-del-pais-vasco.-elecciones-autonomicas-julio-2020,https://www.cis.es/documents/20117/1557131/FT3286.pdf,https://www.cis.es/documents/20117/1557131/MD3286.zip,Proclamación verificada: 15/06/2020
3287,autonomicas_2020_07,Galicia,1,2020-07-12,2020-06-15,2020-06-10,2020-06-19,2020-06-24,2020-07-23,False,True,False,B: campo solapa con la proclamación,"""Preelectoral de Galicia. Elecciones autonómicas julio 2020""",https://www.cis.es/es/estudios/preelectoral-de-galicia.-elecciones-autonomicas-julio-2020,https://www.cis.es/documents/20117/1557136/FT3287pdf.pdf,https://www.cis.es/documents/20117/1557136/MD3287.zip,
3306,autonomicas_2021_02,Cataluña,1,2021-02-14,2021-01-18,2021-01-02,2021-01-15,2021-01-21,2021-02-05,True,True,False,A: campo terminado antes de la proclamación,"""Preelectoral de Cataluña. Elecciones autonómicas 2021""",https://www.cis.es/es/estudios/preelectoral-de-cataluna.-elecciones-autonomicas-2021,https://www.cis.es/documents/20117/1557216/Ft3306p.pdf,https://www.cis.es/documents/20117/1557216/MD3306.zip,
3317,autonomicas_2021_05,Comunidad de Madrid,1,2021-05-04,2021-04-07,2021-03-19,2021-03-28,2021-04-05,2021-05-04,True,True,True,A: campo terminado antes de la proclamación,"""Preelectoral elecciones autonómicas 2021. Comunidad de Madrid""",https://www.cis.es/es/estudios/preelectoral-elecciones-autonomicas-2021.-comunidad-de-madrid,https://www.cis.es/documents/20117/1557271/Ft3317pdf.pdf,https://www.cis.es/documents/20117/1557271/MD3317.zip,Proclamación verificada: 07/04/2021
3348,autonomicas_2022_02,Castilla y León,1,2022-02-13,2022-01-17,2022-01-07,2022-01-22,2022-01-26,2022-02-07,False,True,False,B: campo solapa con la proclamación,"""Preelectoral elecciones autonómicas 2022. Comunidad autónoma de Castilla y León""",https://www.cis.es/es/estudios/preelectoral-elecciones-autonomicas-2022.-comunidad-autonoma-de-castilla-y-leon,https://www.cis.es/documents/20117/1557426/Ft3348pdf.pdf,https://www.cis.es/documents/20117/1557426/MD3348.zip,
3365,autonomicas_2022_06,Andalucía,1,2022-06-19,2022-05-23,2022-05-17,2022-05-28,2022-06-02,2022-06-10,False,True,False,B: campo solapa con la proclamación,"""Preelectoral elecciones autonómicas 2022. Comunidad autónoma de Andalucía""",https://www.cis.es/es/estudios/preelectoral-elecciones-autonomicas-2022.-comunidad-autonoma-de-andalucia,https://www.cis.es/documents/20117/1557516/Ft3365pdf.pdf,https://www.cis.es/documents/20117/1557516/MD3365.zip,
3402,autonomicas_municipales_2023_05,12 CCAA + Ceuta/Melilla + municipios,1,2023-05-28,2023-05-01,2023-04-10,2023-04-26,2023-05-11,2023-06-08,True,True,False,A: campo terminado antes de la proclamación,"""Preelectoral elecciones municipales y autonómicas 2023""",https://www.cis.es/es/estudios/preelectoral-elecciones-municipales-y-autonomicas-2023,https://www.cis.es/documents/20117/1544721/FT3402pdf.pdf,https://www.cis.es/documents/20117/1544721/MD3402.zip,Un solo fichero para todas las CCAA y municipios
3411,generales_2023_07,Congreso,1,2023-07-23,2023-06-26,2023-06-08,2023-06-27,2023-07-05,2023-07-13,False,True,False,B: campo solapa con la proclamación,"""Preelectoral elecciones generales 2023""",https://www.cis.es/es/estudios/preelectoral-elecciones-generales-2023,https://www.cis.es/documents/20117/1557956/FT3411.pdf,https://www.cis.es/documents/20117/1557956/MD3411.zip,
3437,autonomicas_2024_02,Galicia,1,2024-02-18,2024-01-22,2024-01-08,2024-01-20,2024-01-25,2024-02-20,True,True,False,A: campo terminado antes de la proclamación,"""Preelectoral de Galicia. Elecciones autonómicas 2024""",https://www.cis.es/es/estudios/preelectoral-de-galicia.-elecciones-autonomicas-2024,https://www.cis.es/documents/20117/1559046/FT3437.pdf,https://www.cis.es/documents/20117/1559046/MD3437.zip,Proclamación verificada: 22/01/2024
3448,autonomicas_2024_04,País Vasco,1,2024-04-21,2024-03-25,2024-03-18,2024-03-22,2024-04-01,2024-04-22,True,True,False,A: campo terminado antes de la proclamación,"""Preelectoral del País Vasco. Elecciones autonómicas 2024""",https://www.cis.es/es/estudios/preelectoral-del-pais-vasco.-elecciones-autonomicas-2024,https://www.cis.es/documents/20117/1559601/FT3448.pdf,https://www.cis.es/documents/20117/1559601/MD3448.zip,Proclamación verificada: 25/03/2024
3453,autonomicas_2024_05,Cataluña,1,2024-05-12,2024-04-15,2024-04-11,2024-04-22,2024-04-25,2024-05-28,False,True,False,B: campo solapa con la proclamación,"""Preelectoral de Cataluña. Elecciones autonómicas 2024""",https://www.cis.es/es/estudios/preelectoral-de-cataluna.-elecciones-autonomicas-2024,https://www.cis.es/documents/20117/1559686/FT3453.pdf,https://www.cis.es/documents/20117/1559686/MD3453.zip,
3458,europeas_2024_06,Parlamento Europeo,1,2024-06-09,2024-05-13,2024-05-08,2024-05-17,2024-05-23,2024-05-30,False,True,False,B: campo solapa con la proclamación,"""Preelectoral elecciones al Parlamento Europeo 2024""",https://www.cis.es/es/estudios/preelectoral-elecciones-al-parlamento-europeo-2024,https://www.cis.es/documents/20117/1559696/FT3458.pdf,https://www.cis.es/documents/20117/1559696/MD3458.zip,
3538,autonomicas_2025_12,Extremadura,1,2025-12-21,2025-11-24,2025-11-21,2025-11-25,2025-11-28,2025-12-16,False,True,False,B: campo solapa con la proclamación,"""Preelectoral elecciones autonómicas 2025. Comunidad autónoma de Extremadura""",https://www.cis.es/es/estudios/preelectoral-elecciones-autonomicas-2025.-comunidad-autonoma-de-extremadura,https://www.cis.es/documents/20117/13697506/FT3538.pdf,https://www.cis.es/documents/20117/13697506/MD3538.zip,Proclamación verificada: 24/11/2025
3543,autonomicas_2026_02,Aragón,1,2026-02-08,2026-01-12,2026-01-12,2026-01-15,2026-01-22,2026-02-12,False,False,False,C: campo posterior a la proclamación,"""Preelectoral elecciones autonómicas 2026. Comunidad autónoma de Aragón""",https://www.cis.es/es/estudios/preelectoral-elecciones-autonomicas-2026.-comunidad-autonoma-de-aragon,https://www.cis.es/documents/20117/13730886/FT3543.pdf,https://www.cis.es/documents/20117/13730886/MD3543.zip,Proclamación verificada: 12/01/2026
3545,autonomicas_2026_03,Castilla y León,1,2026-03-15,2026-02-16,2026-02-06,2026-02-13,2026-02-20,2026-03-27,True,True,False,A: campo terminado antes de la proclamación,"""Preelectoral elecciones autonómicas 2026. Comunidad autónoma de Castilla y León""",https://www.cis.es/es/estudios/preelectoral-elecciones-autonomicas-2026-comunidad-autonoma-de-castilla-y-leon,https://www.cis.es/documents/20117/13765729/FT3545.pdf,https://www.cis.es/documents/20117/13765729/MD3545.zip,
3558,autonomicas_2026_05,Andalucía,1,2026-05-17,2026-04-20,2026-04-10,2026-04-18,2026-04-24,2026-05-21,True,True,False,A: campo terminado antes de la proclamación,"""Preelectoral elecciones autonómicas 2026. Comunidad autónoma de Andalucía""",https://www.cis.es/es/estudios/preelectoral-elecciones-autonomicas-2026-comunidad-autonoma-de-andalucia,https://www.cis.es/documents/20117/13957047/FT3558.pdf,https://www.cis.es/documents/20117/13957047/MD3558.zip,Proclamación verificada: 20/04/2026
