eleccion,provincia,escanos_vox_min,escanos_vox_max
generales_2019_04,Álava,0,0
generales_2019_04,Albacete,0,0
generales_2019_04,Alicante,2,2
generales_2019_04,Almería,1,1
generales_2019_04,Ávila,0,0
generales_2019_04,Badajoz,0,0
generales_2019_04,Baleares,1,2
generales_2019_04,Barcelona,3,3
generales_2019_04,Burgos,0,0
generales_2019_04,Cáceres,0,0
generales_2019_04,Cádiz,1,2
generales_2019_04,Castellón,0,1
generales_2019_04,Ciudad Real,1,1
generales_2019_04,Córdoba,0,0
generales_2019_04,A Coruña,1,1
generales_2019_04,Cuenca,1,1
generales_2019_04,Girona,0,0
generales_2019_04,Granada,1,1
generales_2019_04,Guadalajara,1,1
generales_2019_04,Guipúzcoa,0,0
generales_2019_04,Huelva,0,0
generales_2019_04,Huesca,0,0
generales_2019_04,Jaén,1,1
generales_2019_04,León,1,1
generales_2019_04,Lleida,0,0
generales_2019_04,La Rioja,0,0
generales_2019_04,Lugo,0,0
generales_2019_04,Madrid,3,4
generales_2019_04,Málaga,2,2
generales_2019_04,Murcia,2,2
generales_2019_04,Navarra,0,0
generales_2019_04,Ourense,0,0
generales_2019_04,Asturias,0,0
generales_2019_04,Palencia,0,1
generales_2019_04,Las Palmas,0,1
generales_2019_04,Pontevedra,0,0
generales_2019_04,Salamanca,1,1
generales_2019_04,Santa Cruz de Tenerife,1,1
generales_2019_04,Cantabria,0,0
generales_2019_04,Segovia,0,0
generales_2019_04,Sevilla,1,1
generales_2019_04,Soria,0,0
generales_2019_04,Tarragona,0,0
generales_2019_04,Teruel,0,0
generales_2019_04,Toledo,1,1
generales_2019_04,Valencia,1,2
generales_2019_04,Valladolid,1,1
generales_2019_04,Vizcaya,0,0
generales_2019_04,Zamora,0,0
generales_2019_04,Zaragoza,1,1
generales_2019_04,Ceuta,0,1
generales_2019_04,Melilla,0,0
generales_2019_11,Álava,0,0
generales_2019_11,Albacete,0,0
generales_2019_11,Alicante,1,1
generales_2019_11,Almería,1,1
generales_2019_11,Ávila,0,0
generales_2019_11,Badajoz,0,0
generales_2019_11,Baleares,0,1
generales_2019_11,Barcelona,0,0
generales_2019_11,Burgos,0,0
generales_2019_11,Cáceres,0,0
generales_2019_11,Cádiz,1,1
generales_2019_11,Castellón,0,0
generales_2019_11,Ciudad Real,0,0
generales_2019_11,Córdoba,0,1
generales_2019_11,A Coruña,0,0
generales_2019_11,Cuenca,0,0
generales_2019_11,Girona,0,0
generales_2019_11,Granada,1,1
generales_2019_11,Guadalajara,0,1
generales_2019_11,Guipúzcoa,0,0
generales_2019_11,Huelva,0,0
generales_2019_11,Huesca,0,0
generales_2019_11,Jaén,0,0
generales_2019_11,León,0,0
generales_2019_11,Lleida,0,0
generales_2019_11,La Rioja,0,0
generales_2019_11,Lugo,0,0
generales_2019_11,Madrid,4,5
generales_2019_11,Málaga,1,1
generales_2019_11,Murcia,2,2
generales_2019_11,Navarra,0,0
generales_2019_11,Ourense,0,0
generales_2019_11,Asturias,0,0
generales_2019_11,Palencia,0,0
generales_2019_11,Las Palmas,0,1
generales_2019_11,Pontevedra,0,0
generales_2019_11,Salamanca,0,0
generales_2019_11,Santa Cruz de Tenerife,0,0
generales_2019_11,Cantabria,0,0
generales_2019_11,Segovia,0,0
generales_2019_11,Sevilla,1,1
generales_2019_11,Soria,0,0
generales_2019_11,Tarragona,0,0
generales_2019_11,Teruel,0,0
generales_2019_11,Toledo,1,1
generales_2019_11,Valencia,1,2
generales_2019_11,Valladolid,0,0
generales_2019_11,Vizcaya,0,0
generales_2019_11,Zamora,0,0
generales_2019_11,Zaragoza,0,1
generales_2019_11,Ceuta,0,0
generales_2019_11,Melilla,0,0
generales_2023_07,Álava,0,0
generales_2023_07,Albacete,0,0
generales_2023_07,Alicante,2,2
generales_2023_07,Almería,1,1
generales_2023_07,Ávila,0,0
generales_2023_07,Badajoz,0,0
generales_2023_07,Baleares,1,1
generales_2023_07,Barcelona,2,2
generales_2023_07,Burgos,0,0
generales_2023_07,Cáceres,0,0
generales_2023_07,Cádiz,1,1
generales_2023_07,Castellón,0,0
generales_2023_07,Ciudad Real,1,1
generales_2023_07,Córdoba,0,1
generales_2023_07,A Coruña,0,0
generales_2023_07,Cuenca,0,0
generales_2023_07,Girona,0,0
generales_2023_07,Granada,1,1
generales_2023_07,Guadalajara,0,0
generales_2023_07,Guipúzcoa,0,0
generales_2023_07,Huelva,0,0
generales_2023_07,Huesca,0,0
generales_2023_07,Jaén,0,0
generales_2023_07,León,0,0
generales_2023_07,Lleida,0,0
generales_2023_07,La Rioja,0,0
generales_2023_07,Lugo,0,0
generales_2023_07,Madrid,4,5
generales_2023_07,Málaga,1,1
generales_2023_07,Murcia,2,2
generales_2023_07,Navarra,0,0
generales_2023_07,Ourense,0,0
generales_2023_07,Asturias,1,1
generales_2023_07,Palencia,0,0
generales_2023_07,Las Palmas,0,1
generales_2023_07,Pontevedra,0,0
generales_2023_07,Salamanca,0,0
generales_2023_07,Santa Cruz de Tenerife,0,1
generales_2023_07,Cantabria,0,1
generales_2023_07,Segovia,0,0
generales_2023_07,Sevilla,1,2
generales_2023_07,Soria,0,0
generales_2023_07,Tarragona,0,1
generales_2023_07,Teruel,0,0
generales_2023_07,Toledo,1,1
generales_2023_07,Valencia,2,2
generales_2023_07,Valladolid,0,0
generales_2023_07,Vizcaya,0,0
generales_2023_07,Zamora,0,0
generales_2023_07,Zaragoza,0,1
generales_2023_07,Ceuta,0,0
generales_2023_07,Melilla,0,0
generales_2015_12,Álava,0,0
generales_2015_12,Albacete,0,0
generales_2015_12,Alicante,0,0
generales_2015_12,Almería,0,0
generales_2015_12,Ávila,0,0
generales_2015_12,Badajoz,0,0
generales_2015_12,Baleares,0,0
generales_2015_12,Barcelona,0,0
generales_2015_12,Burgos,0,0
generales_2015_12,Cáceres,0,0
generales_2015_12,Cádiz,0,0
generales_2015_12,Castellón,0,0
generales_2015_12,Ciudad Real,0,0
generales_2015_12,Córdoba,0,0
generales_2015_12,A Coruña,0,0
generales_2015_12,Cuenca,0,0
generales_2015_12,Girona,0,0
generales_2015_12,Granada,0,0
generales_2015_12,Guadalajara,0,0
generales_2015_12,Guipúzcoa,0,0
generales_2015_12,Huelva,0,0
generales_2015_12,Huesca,0,0
generales_2015_12,Jaén,0,0
generales_2015_12,León,0,0
generales_2015_12,Lleida,0,0
generales_2015_12,La Rioja,0,0
generales_2015_12,Lugo,0,0
generales_2015_12,Madrid,0,0
generales_2015_12,Málaga,0,0
generales_2015_12,Murcia,0,0
generales_2015_12,Navarra,0,0
generales_2015_12,Ourense,0,0
generales_2015_12,Asturias,0,0
generales_2015_12,Palencia,0,0
generales_2015_12,Las Palmas,0,0
generales_2015_12,Pontevedra,0,0
generales_2015_12,Salamanca,0,0
generales_2015_12,Santa Cruz de Tenerife,0,0
generales_2015_12,Cantabria,0,0
generales_2015_12,Segovia,0,0
generales_2015_12,Sevilla,0,0
generales_2015_12,Soria,0,0
generales_2015_12,Tarragona,0,0
generales_2015_12,Teruel,0,0
generales_2015_12,Toledo,0,0
generales_2015_12,Valencia,0,0
generales_2015_12,Valladolid,0,0
generales_2015_12,Vizcaya,0,0
generales_2015_12,Zamora,0,0
generales_2015_12,Zaragoza,0,0
generales_2015_12,Ceuta,0,0
generales_2015_12,Melilla,0,0
generales_2016_06,Álava,0,0
generales_2016_06,Albacete,0,0
generales_2016_06,Alicante,0,0
generales_2016_06,Almería,0,0
generales_2016_06,Ávila,0,0
generales_2016_06,Badajoz,0,0
generales_2016_06,Baleares,0,0
generales_2016_06,Barcelona,0,0
generales_2016_06,Burgos,0,0
generales_2016_06,Cáceres,0,0
generales_2016_06,Cádiz,0,0
generales_2016_06,Castellón,0,0
generales_2016_06,Ciudad Real,0,0
generales_2016_06,Córdoba,0,0
generales_2016_06,A Coruña,0,0
generales_2016_06,Cuenca,0,0
generales_2016_06,Girona,0,0
generales_2016_06,Granada,0,0
generales_2016_06,Guadalajara,0,0
generales_2016_06,Guipúzcoa,0,0
generales_2016_06,Huelva,0,0
generales_2016_06,Huesca,0,0
generales_2016_06,Jaén,0,0
generales_2016_06,León,0,0
generales_2016_06,Lleida,0,0
generales_2016_06,La Rioja,0,0
generales_2016_06,Lugo,0,0
generales_2016_06,Madrid,0,0
generales_2016_06,Málaga,0,0
generales_2016_06,Murcia,0,0
generales_2016_06,Navarra,0,0
generales_2016_06,Ourense,0,0
generales_2016_06,Asturias,0,0
generales_2016_06,Palencia,0,0
generales_2016_06,Las Palmas,0,0
generales_2016_06,Pontevedra,0,0
generales_2016_06,Salamanca,0,0
generales_2016_06,Santa Cruz de Tenerife,0,0
generales_2016_06,Cantabria,0,0
generales_2016_06,Segovia,0,0
generales_2016_06,Sevilla,0,0
generales_2016_06,Soria,0,0
generales_2016_06,Tarragona,0,0
generales_2016_06,Teruel,0,0
generales_2016_06,Toledo,0,0
generales_2016_06,Valencia,0,0
generales_2016_06,Valladolid,0,0
generales_2016_06,Vizcaya,0,0
generales_2016_06,Zamora,0,0
generales_2016_06,Zaragoza,0,0
generales_2016_06,Ceuta,0,0
generales_2016_06,Melilla,0,0
