original_path,new_path
CANDIDATOS_AUTONOMICAS.xlsx,data/raw/candidates/candidatos_autonomicas.xlsx
CANDIDATOS_MUNICIPALES.xlsx,data/raw/candidates/candidatos_municipales.xlsx
CANDIDATOS_MUNICIPALES_CS.xlsx,data/raw/candidates/candidatos_municipales_cs.xlsx
CANDIDATOS_PARTIDOS_HISTORICOS.xlsx,data/raw/candidates/candidatos_partidos_historicos.xlsx
candidatos_cs_autonomicas_2015_2026.csv,data/raw/candidates/candidatos_cs_autonomicas_2015_2026.csv
candidatos_pp_vox_autonomicas_2015_2026.csv,data/raw/candidates/candidatos_pp_vox_autonomicas_2015_2026.csv
alternativa_de_govern_candidates.csv,data/raw/candidates/alternativa_de_govern_candidates.csv
candidatos_vox.csv,data/raw/candidates/candidatos_vox.csv
vox_candidatos_2014_2023.csv,data/raw/candidates/vox_candidatos_2014_2023.csv
vox_candidatos_generales_2015_2023.csv,data/raw/candidates/vox_candidatos_generales_2015_2023.csv
PROV_02_201512_1.zip,data/raw/infoelectoral_results/prov_02_201512_1.zip
PROV_02_201606_1.zip,data/raw/infoelectoral_results/prov_02_201606_1.zip
PROV_02_201606_1.xlsx,data/raw/infoelectoral_results/prov_02_201606_1.xlsx
PROV_02_201904_1.zip,data/raw/infoelectoral_results/prov_02_201904_1.zip
PROV_02_201904_1.xlsx,data/raw/infoelectoral_results/prov_02_201904_1.xlsx
PROV_02_201911_1.zip,data/raw/infoelectoral_results/prov_02_201911_1.zip
PROV_02_202307_1.zip,data/raw/infoelectoral_results/prov_02_202307_1.zip
04_202305_1.zip,data/raw/infoelectoral_results/04_202305_1.zip
PARTY_REGISTRY.pdf,data/raw/party_registry/party_registry.pdf
PARTY_REGISTRY.xlsx,data/raw/party_registry/party_registry.xlsx
PARTY_REGISTRY_2026_09.xlsx,data/raw/party_registry/party_registry_2026_09.xlsx
PARTY_REGISTRY_MALDITA_2024.csv,data/raw/party_registry/party_registry_maldita_2024.csv
26codislas.xlsx,data/raw/ine/ine_codislas_2026.xlsx
26codmun.xlsx,data/raw/ine/ine_codmun_2026.xlsx
nombres_por_edad_media.xlsx,data/raw/ine/ine_nombres_edad_media.xlsx
apellidos_frecuencia.xls,data/raw/ine/ine_apellidos_frecuencia.xls
Alcaldes_Mandato_2015_2019.xlsx,data/raw/alcaldes/alcaldes_2015_2019.xlsx
Alcaldes_Mandato_2019_2023.xlsx,data/raw/alcaldes/alcaldes_2019_2023.xlsx
Alcaldes_Mandato_2023_2027.xlsx,data/raw/alcaldes/alcaldes_2023_2027.xlsx
ficha_concejales_2023_21-08-2026_12_23_43.xlsx,data/raw/alcaldes/concejales_2023.xlsx
Diput__20260501050131.csv,data/raw/parliaments/diputados_20260501.csv
ProcuradoresCCyL.csv,data/raw/parliaments/procuradores_ccyl.csv
asamblea.-diputados.csv,data/raw/parliaments/asamblea_diputados.csv
asamblea.-diputados.json,data/raw/parliaments/asamblea_diputados.json
diputados.csv,data/raw/parliaments/diputados.csv
diputados_activos.csv,data/raw/parliaments/diputados_activos.csv
diputados_madrid_xi.csv,data/raw/parliaments/diputados_madrid_xi.csv
diputados_madrid_xii.csv,data/raw/parliaments/diputados_madrid_xii.csv
diputados_madrid_xiii.csv,data/raw/parliaments/diputados_madrid_xiii.csv
diputados_xiii.csv,data/raw/parliaments/diputados_xiii.csv
diputados_xiv.csv,data/raw/parliaments/diputados_xiv.csv
Diputados legislatura XI castilla y leon.pdf,data/raw/parliaments/diputados_ccyl_xi.pdf
cis_estimaciones_autonomicas.csv,data/raw/cis_estimaciones/cis_estimaciones_autonomicas.csv
cis_estimaciones_escanos.csv,data/raw/cis_estimaciones/cis_estimaciones_escanos.csv
cis_estimaciones_generales.csv,data/raw/cis_estimaciones/cis_estimaciones_generales.csv
cis_estimaciones_municipales.csv,data/raw/cis_estimaciones/cis_estimaciones_municipales.csv
cis_estimaciones_vox.csv,data/raw/cis_estimaciones/cis_estimaciones_vox.csv
cis_preelectorales_vox.csv,data/raw/cis_estimaciones/cis_preelectorales_vox.csv
cis_estimaciones_pdf,data/raw/cis_estimaciones/pdf
MD3269,data/raw/cis_3269
MD3269.zip,data/raw/cis_3269/md3269.zip
1999-2024_CHES_dataset_meansV2.csv,data/raw/ches_1999_2024_means_v2.csv
idea_export_electoral_system_design_database.xlsx,data/raw/idea_electoral_systems.xlsx
navarra_2015_candidaturas.pdf,data/raw/navarra_2015_candidaturas.pdf
autonomicas_scrape,data/raw/autonomicas_scrape
comite_ejecutivo,data/raw/comite_ejecutivo
datos_generales_jec,data/raw/datos_generales_jec
datos_pp_locales,data/raw/datos_pp_locales
infoelectoral,data/raw/infoelectoral_repo
organizaciones,data/raw/organizaciones
partidos_hist,data/raw/partidos_hist
wikidata_cache,data/raw/wikidata_cache
ISCO_CANDIDATOS_VOX_2023.xlsx,data/manual/isco_candidatos_2023.xlsx
ORGANIZACIONES_CANDIDATOS_VOX.xlsx,data/manual/organizaciones_candidatos.xlsx
PREV_PARTY_PRENSA_VOX.xlsx,data/manual/prev_party_prensa.xlsx
VOX_CARGOS_ORGANOS.xlsx,data/manual/vox_cargos_organos.xlsx
PERSONAS_ORGANIZACIONES_VOX.xlsx,data/manual/personas_organizaciones.xlsx
PERSONAS_VOX_WIKIDATA.xlsx,data/manual/personas_wikidata.xlsx
personas_organizaciones.csv,data/manual/personas_organizaciones.csv
far_right_parties_sources.csv,data/manual/far_right_parties_sources.csv
far_right_register_review.csv,data/manual/far_right_register_review.csv
homonym_review.csv,data/manual/homonym_review.csv
sociodemographic_collection.csv,data/manual/sociodemographic_collection.csv
founders_bump.png,outputs/figures/founders_bump.png
map_vox_elected_pre2018.png,outputs/figures/map_vox_elected_pre2018.png
vox_entry_map.png,outputs/figures/vox_entry_map.png
vox_entry_maps.png,outputs/figures/vox_entry_maps.png
vox_founders_bump.png,outputs/figures/vox_founders_bump.png
vox_founders_grid.png,outputs/figures/vox_founders_grid.png
vox_network.svg,outputs/figures/vox_network.svg
vox_network.gephi,outputs/network/vox_network.gephi
vox_nodes_gephi.csv,outputs/network/vox_nodes_gephi.csv
vox_edges_gephi.csv,outputs/network/vox_edges_gephi.csv
vox_edges.csv,outputs/network/vox_edges.csv
cis_estimaciones_escanos.R,code/auxiliary/cis_estimaciones_escanos.R
satellite_orgs_archiveretriever.R,code/auxiliary/satellite_orgs_archiveretriever.R
satellite_orgs_reticulate.R,code/auxiliary/satellite_orgs_reticulate.R
wayback_organizaciones.R,code/auxiliary/wayback_organizaciones.R
Casals-de_fuerza_nueva_a_vox.pdf,docs/casals_fuerza_nueva_vox.pdf
Dialnet-LaUltraderechaEspanola-295706.pdf,docs/dialnet_ultraderecha_espanola.pdf
El falangismo durante la democracia actual (1977-2019).pdf,docs/falangismo_democracia_1977_2019.pdf
VOX PAPER PABLO.pdf,docs/vox_paper_pablo.pdf
dokumen.pub_de-los-neocon-a-los-neonazis-la-derecha-radical-en-el-estado-espaol.pdf,docs/neocon_neonazis_derecha_radical.pdf
ALGUNAS PREGUNTAS.odt,docs/algunas_preguntas.odt
BASE DE DATOS VOX.qmd,archive/BASE DE DATOS VOX.qmd
TFM_CODE.qmd,archive/TFM_CODE.qmd
TFM_CODE_DEFINITIVE_backup_before_claude_20260917.qmd,archive/TFM_CODE_DEFINITIVE_backup_before_claude_20260917.qmd
TFM_CODE_backup_20260905_1706.qmd,archive/TFM_CODE_backup_20260905_1706.qmd
CANDIDATOS_PARTIDOS_HISTORICOS_backup.xlsx,archive/CANDIDATOS_PARTIDOS_HISTORICOS_backup.xlsx
Rplots.pdf,archive/Rplots.pdf
out.txt,archive/out.txt
out_check.txt,archive/out_check.txt
detalle.txt,archive/detalle.txt
detalle2.txt,archive/detalle2.txt
debug_page1.html,archive/debug_page1.html
PROV_02_201606_1,archive/empty_folders/PROV_02_201606_1
PROV_02_201904_1,archive/empty_folders/PROV_02_201904_1
linkedin,archive/linkedin
SCRAPER NOTICIAS.qmd,archive/news_scraper/SCRAPER NOTICIAS.qmd
corpus.csv,archive/news_scraper/corpus.csv
corpus_log.txt,archive/news_scraper/corpus_log.txt
corpus_wayback_log.txt,archive/news_scraper/corpus_wayback_log.txt
capturas_cdx.csv,archive/news_scraper/capturas_cdx.csv
scraper_log.txt,archive/news_scraper/scraper_log.txt
corpus,archive/news_scraper/corpus
corpus_wayback,archive/news_scraper/corpus_wayback
TFM_CODE_DEFINITIVE.qmd,archive/TFM_CODE_DEFINITIVE.qmd
