party_name,abbreviation,registration_date,province,proposal,ran_national,first_election,last_election,n_elections,n_candidates,n_elected,people_later_in_vox,family,source,include,key
FALANGE ESPAÑOLA DE LAS J.O.N.S.,FE de las JONS,1976-10-04,Madrid,far_right,TRUE,1977,2024,29,1767,0,43,,,,FALANGE ESPANOLA DE LAS JONS
COMUNION TRADICIONALISTA CARLISTA,C.T.C.,1977-02-09,Madrid,far_right,TRUE,1994,2008,5,211,0,7,,,,COMUNION TRADICIONALISTA CARLISTA
AGRUPACION DE JUVENTUDES TRADICIONALISTAS,A.J.T.,1977-12-13,Valladolid,far_right,FALSE,,,,,,0,,,,AGRUPACION DE JUVENTUDES TRADICIONALISTAS
FRENTE NACIONAL DE LA JUVENTUD,,1978-02-13,Barcelona,far_right,FALSE,,,,,,0,,,,FRENTE NACIONAL DE LA JUVENTUD
FRENTE NACIONAL DE ALIANZA LIBRE,F.N.A.L.,1978-07-31,Madrid,to_verify,FALSE,,,,,,0,,,,FRENTE NACIONAL DE ALIANZA LIBRE
JUVENTUDES NACIONAL REVOLUCIONARIAS,JNR,1979-07-17,Madrid,far_right,FALSE,,,,,,0,,,,JUVENTUDES NACIONAL REVOLUCIONARIAS
FRENTE PARA LA UNIDAD FALANGISTA,F.U.F.,1979-07-23,Madrid,far_right,FALSE,,,,,,0,,,,FRENTE PARA LA UNIDAD FALANGISTA
UNIDAD FALANGISTA MONTAÑESA,U.F.M.,1980-03-24,Cantabria,far_right,FALSE,,,,,,0,,,,UNIDAD FALANGISTA MONTANESA
UNIDAD FALANGISTA DE CATALUÑA,,1980-09-24,Barcelona,far_right,FALSE,,,,,,0,,,,UNIDAD FALANGISTA DE CATALUNA
MOVIMIENTO FALANGISTA DE ESPAÑA,M.F.E.,1980-10-01,Madrid,far_right,TRUE,1982,2008,3,30,0,0,,,,MOVIMIENTO FALANGISTA DE ESPANA
PARTIDO SOCIALISTA NACIONAL REVOLUCIONARIO,P.S.N.R.,1981-01-15,Barcelona,to_verify,FALSE,,,,,,0,,,,PARTIDO SOCIALISTA NACIONAL REVOLUCIONARIO
FALANGE ASTURIANA,,1981-06-04,Asturias,far_right,TRUE,1982,1982,1,1,0,0,,,,FALANGE ASTURIANA
MOVIMIENTO CATÓLICO ESPAÑOL,MCE,1982-01-25,Madrid,far_right,TRUE,1989,2008,4,80,0,3,,,,MOVIMIENTO CATOLICO ESPANOL
FALANGES GALLEGAS (UNIDAD FALANGISTA) (FF.GG. (U.F.)),,1982-03-26,"Coruña, A",far_right,FALSE,,,,,,0,,,,FALANGES GALLEGAS UNIDAD FALANGISTA FFGG UF
FALANGE CRISTIANA DEMOCRATICA,F.C.D.,1984-10-15,Barcelona,to_verify,FALSE,,,,,,0,,,,FALANGE CRISTIANA DEMOCRATICA
JUNTAS ESPAÑOLAS,,1986-06-27,Madrid,far_right,FALSE,,,,,,0,,,,JUNTAS ESPANOLAS
MOVIMIENTO NACIONAL 18 DE JULIO,,1987-01-13,Madrid,far_right,FALSE,,,,,,0,,,,MOVIMIENTO NACIONAL 18 DE JULIO
ACCION ESPAÑOLA,AE,1987-07-15,Alicante/Alacant,to_verify,TRUE,1989,2000,4,1,0,0,,,,ACCION ESPANOLA
PARTIDO NACIONAL DE LOS TRABAJADORES,P.N.T.,1993-02-09,Murcia,to_verify,TRUE,1996,2004,3,12,0,2,,,,PARTIDO NACIONAL DE LOS TRABAJADORES
FALANGE GALLEGA DE LAS JUNTAS DE OFENSIVA NACIONAL SINDICALISTA,F.G.DE LAS JONS,1994-03-04,Pontevedra,far_right,FALSE,,,,,,0,,,,FALANGE GALLEGA DE LAS JUNTAS DE OFENSIVA NACIONAL SINDICALISTA
UNIO PATRIOTICA-UNION PATRIOTICA,U.P.U.P.,1994-08-30,Barcelona,to_verify,FALSE,,,,,,0,,,,UNIO PATRIOTICAUNION PATRIOTICA
ESTADO NACIONAL EUROPEO,N,1995-01-10,Barcelona,to_verify,TRUE,1996,2004,5,65,0,2,,,,ESTADO NACIONAL EUROPEO
UNION NACIONAL,U.N.,1995-04-04,Málaga,far_right,TRUE,2000,2004,3,15,0,1,,,,UNION NACIONAL
DEMOCRACIA NACIONAL,D.N.,1995-05-25,Madrid,far_right,TRUE,1999,2015,12,851,0,39,,,,DEMOCRACIA NACIONAL
FALANGE ESPAÑOLA FRENTE NACIONAL-SINDICALISTA,F.E. F.N-S,1996-07-17,Valencia/Vàlencia,far_right,FALSE,,,,,,0,,,,FALANGE ESPANOLA FRENTE NACIONALSINDICALISTA
LA FALANGE,FE,1999-03-24,Madrid,far_right,TRUE,1999,2016,7,506,0,22,,,,LA FALANGE
FALANGE 2.000,FE-2.000,2000-01-11,Madrid,far_right,FALSE,,,,,,0,,,,FALANGE 2000
IDENTIDAD REINO DE VALENCIA,I.R.V.,2000-07-06,Valencia/Vàlencia,to_verify,TRUE,2004,2004,2,17,0,0,,,,IDENTIDAD REINO DE VALENCIA
COMUNION TRADICIONALISTA,C.T.,2000-12-20,Madrid,far_right,FALSE,,,,,,0,,,,COMUNION TRADICIONALISTA
RESURGIR HISPANICO,,2002-01-29,Lleida,to_verify,FALSE,,,,,,0,,,,RESURGIR HISPANICO
FALANGE AUTENTICA,FAu,2002-04-30,Alicante/Alacant,far_right,TRUE,2004,2009,6,433,0,20,,,,FALANGE AUTENTICA
FAMILIA Y VIDA,PFyV,2002-05-22,Madrid,to_verify,TRUE,2008,2016,6,90,0,10,,,,FAMILIA Y VIDA
ESPAÑA 2000,E-2000,2002-07-17,Valencia/Vàlencia,far_right,TRUE,2004,2011,5,355,0,10,,,,ESPANA 2000
FRENTE DEMOCRATICO ESPAÑOL,F.D.E.,2002-10-21,Barcelona,to_verify,TRUE,2004,2008,2,47,0,2,,,,FRENTE DEMOCRATICO ESPANOL
UNION NACIONAL ANDALUZA,U.N.ANDALUZA,2004-02-04,Sevilla,to_verify,FALSE,,,,,,0,,,,UNION NACIONAL ANDALUZA
MOVIMIENTO PATRIOTICO CANARIO,MP,2006-01-16,Santa Cruz de Tenerife,to_verify,FALSE,,,,,,0,,,,MOVIMIENTO PATRIOTICO CANARIO
NACION Y REVOLUCION,N.y R.,2006-01-23,Madrid,far_right,TRUE,2008,2008,1,15,0,0,,,,NACION Y REVOLUCION
FRENTE NACIONAL EUROPEO,FNE,2006-06-14,Madrid,far_right,FALSE,,,,,,0,,,,FRENTE NACIONAL EUROPEO
FRENTE NACIONAL,,2006-06-14,Madrid,far_right,TRUE,1987,2009,3,170,0,6,,,,FRENTE NACIONAL
MESA NACIONAL FALANGISTA,MNF,2006-06-14,Granada,far_right,FALSE,,,,,,0,,,,MESA NACIONAL FALANGISTA
MOVIMIENTO PATRIOTA SOCIALISTA,M.P.S.,2008-09-29,Madrid,to_verify,FALSE,,,,,,0,,,,MOVIMIENTO PATRIOTA SOCIALISTA
PARTIDO SOCIAL PATRIOTA eSPAÑOL,SPES,2010-03-11,Valencia/Vàlencia,to_verify,FALSE,,,,,,0,,,,PARTIDO SOCIAL PATRIOTA ESPANOL
CANDIDATURA TRADICIONALISTA,CTRAD,2010-10-29,Segovia,far_right,FALSE,,,,,,0,,,,CANDIDATURA TRADICIONALISTA
IDENTITAT CATALANA,IdCAt,2011-02-09,Tarragona,to_verify,FALSE,,,,,,0,,,,IDENTITAT CATALANA
VOX,VOX,2013-12-17,Madrid,far_right,FALSE,,,,,,0,,,,VOX
IMPULSO SOCIAL,IMPULSOSOCIAL,2014-02-24,Madrid,to_verify,TRUE,2014,2014,1,54,0,9,,,,IMPULSO SOCIAL
SOM IDENTITARIS,SOMI,2016-02-16,Barcelona,far_right,FALSE,,,,,,0,,,,SOM IDENTITARIS
FRENTE OBRERO NACIONAL ESPAÑOL,F.O.N.E.,2016-12-20,Cáceres,to_verify,FALSE,,,,,,0,,,,FRENTE OBRERO NACIONAL ESPANOL
"""NOSOTROS"" PARTIDO DE LA REGENERACIÓN SOCIAL",N+,2017-08-03,Barcelona,far_right,FALSE,,,,,,0,,,,NOSOTROS PARTIDO DE LA REGENERACION SOCIAL
"FRENTE: NACIONAL IDENTITARIO, PARTIDO NACIONALSOCIALISTA OBRERO ESPAÑOL",FNI-PNSOE,2018-03-15,Barcelona,far_right,FALSE,,,,,,0,,,,FRENTE NACIONAL IDENTITARIO PARTIDO NACIONALSOCIALISTA OBRERO ESPANOL
ADÑ,ADÑ,2018-10-15,Madrid,far_right,FALSE,,,,,,0,,,,ADN
ESPAÑA IDENTITARIA,IDENTITARIOS,2019-10-14,Toledo,far_right,FALSE,,,,,,0,,,,ESPANA IDENTITARIA
ESPAÑA VIVA,EVFP,2023-03-31,Alicante/Alacant,to_verify,FALSE,,,,,,0,,,,ESPANA VIVA
CAMINANDO JUNTOS,CJ,2023-06-08,Madrid,to_verify,TRUE,2023,2023,2,159,0,0,,,,CAMINANDO JUNTOS
SOBERANIA ALIMENTARIA ESPAÑOLA,SAE,2024-03-19,Almería,to_verify,TRUE,2024,2024,1,71,0,0,,,,SOBERANIA ALIMENTARIA ESPANOLA
SE ACABÓ LA FIESTA,SALF,2025-01-31,Madrid,far_right,FALSE,,,,,,0,,,,SE ACABO LA FIESTA
SOBERANÍA y TRABAJO,SYT,2025-08-21,Granada,to_verify,FALSE,,,,,,0,,,,SOBERANIA Y TRABAJO
