qid,inception,dissolved,alignment,ideology,src_wikidata,wiki_title,categories,src_wikipedia,label,key,protocol,party_name,abbreviation,registration_date,cancellation_date,registry_matches,n_sources,in_registry
Q76415567,1933,,,falangismo,TRUE,,,FALSE,Falange Española,,,,,,,0,1,FALSE
Q1249339,1937,1977,,nacionalismo español; conservadurismo nacionalista; fascismo; franquismo; anticomunismo; antiliberalismo; nacionalcatolicismo; Nacionalsindicalismo,TRUE,Falange Española Tradicionalista y de las JONS,Categoría:Partidos fascistas de España | Category:Far-right political parties in Spain,TRUE,Falange Española Tradicionalista y de las JONS,,,,,,,0,2,FALSE
Q3088976,1937,1977,,falangismo,TRUE,,,FALSE,Movimiento Nacional,,,,,,,0,1,FALSE
Q3397692,1975,1977,,franquismo,TRUE,,,FALSE,Unión del Pueblo Español,,,,,,,0,1,FALSE
Q11921517,1976,1980,extrema derecha,falangismo; Nacionalsindicalismo; nacionalismo español,TRUE,Falange Española de las JONS (Auténtica),Categoría:Partidos políticos de extrema derecha de España | Category:Far-right political parties in Spain,TRUE,Falange Española de las JONS (Auténtica),FALANGE ESPANOLA DE LAS JONS AUTENTICA,52,FALANGE ESPAÑOLA DE LAS JONS AUTENTICA,,,,2,2,TRUE
Q921147,1976,1982,extrema derecha,Nacionalsindicalismo; nacionalismo español; neofranquismo; nacionalcatolicismo,TRUE,Fuerza Nueva,Categoría:Partidos políticos de extrema derecha de España | Categoría:Partidos fascistas de España,TRUE,Fuerza Nueva,FUERZA NUEVA,12,FUERZA NUEVA,F.N.,1976-10-19,1982-12-10,2,2,TRUE
Q2919298,1977,2004,extrema derecha,Nacionalsindicalismo; anticapitalismo; anticomunismo; falangismo,TRUE,Falange Española Independiente,Categoría:Partidos políticos de extrema derecha de España | Category:Far-right political parties in Spain,TRUE,Falange Española Independiente,FALANGE ESPANOLA INDEPENDIENTE,20,FALANGE ESPAÑOLA INDEPENDIENTE,,,,2,2,TRUE
Q8195546,1977,,,franquismo,TRUE,Alianza Nacional 18 de Julio,Categoría:Partidos políticos de extrema derecha de España | Categoría:Partidos fascistas de España,TRUE,Alianza Nacional del 18 de Julio,,,,,,,0,2,FALSE
Q11921517,1976,1980,extrema derecha,falangismo; Nacionalsindicalismo; nacionalismo español,TRUE,Falange Española de las JONS (Auténtica),Categoría:Partidos políticos de extrema derecha de España | Category:Far-right political parties in Spain,TRUE,Falange Española de las JONS (Auténtica),FALANGE ESPANOLA DE LAS JONS AUTENTICA,115,FALANGE ESPAñOLA DE LAS JONS AUTENTICA,,1977-02-26,1984-03-30,2,2,TRUE
Q3395547,1960,1979,,falangismo; Nacionalsindicalismo; nacionalismo español,TRUE,Círculos Doctrinales José Antonio,Categoría:Partidos políticos de extrema derecha de España,TRUE,Círculos Doctrinales José Antonio,CIRCULOS JOSE ANTONIO,109,CIRCULOS JOSE ANTONIO,,1977-03-04,1980-04-22,1,2,TRUE
Q2919298,1977,2004,extrema derecha,Nacionalsindicalismo; anticapitalismo; anticomunismo; falangismo,TRUE,Falange Española Independiente,Categoría:Partidos políticos de extrema derecha de España | Category:Far-right political parties in Spain,TRUE,Falange Española Independiente,FALANGE ESPANOLA INDEPENDIENTE,98,FALANGE ESPAÑOLA INDEPENDIENTE,F.E.I.,1977-03-21,2021-03-26,2,2,TRUE
Q1508640,,,,,FALSE,Spanish Renovation,Category:Far-right political parties in Spain,TRUE,Renovación Española,RENOVACION ESPANOLA,210,RENOVACION ESPAÑOLA,,1977-04-14,2021-05-10,1,1,TRUE
Q21088782,1977,1980,extrema derecha,conservadurismo,TRUE,,,FALSE,Partido Nacional Independiente,PARTIDO NACIONAL INDEPENDIENTE,276,PARTIDO NACIONAL INDEPENDIENTE,,1977-08-04,,1,1,TRUE
Q64768632,,,,,FALSE,National Front of Catalonia (2013),Category:Far-right political parties in Spain,TRUE,Front Nacional de Catalunya,FRONT NACIONAL DE CATALUNYA,176,FRONT NACIONAL DE CATALUNYA,F.N.C.,1977-09-24,1982-02-26,3,1,TRUE
Q52696146,1978,1980,,nazismo,TRUE,Partido Nacional-Socialista Catalán,Categoría:Partidos fascistas de España,TRUE,Partido Nacional-Socialista Catalán,,,,,,,0,2,FALSE
Q2880542,1968,1978,,falangismo; Nacionalsindicalismo,TRUE,,,FALSE,,FRENTE NACIONAL DE ALIANZA LIBRE,345,FRENTE NACIONAL DE ALIANZA LIBRE,F.N.A.L.,1978-07-31,,1,1,TRUE
Q30596057,1978,,,falangismo,TRUE,Falange Española Auténtica,Categoría:Partidos políticos de extrema derecha de España,TRUE,Falange Española Auténtica,FALANGE ESPANOLA AUTENTICA,381,FALANGE ESPAÑOLA AUTENTICA,F.E.A.,1979-01-17,2023-10-03,1,2,TRUE
Q3395598,1979,,extrema derecha,Nacionalsindicalismo,TRUE,,,FALSE,Movimiento Falangista de España,MOVIMIENTO FALANGISTA DE ESPANA,469,MOVIMIENTO FALANGISTA DE ESPAÑA,M.F.E.,1980-10-01,,1,1,TRUE
Q12393702,1982,,extrema derecha,nacionalismo español; franquismo; anticomunismo; fascismo clerical; antiindependentismo; nacionalcatolicismo; ultranacionalismo,TRUE,Spanish Catholic Movement,Category:Far-right political parties in Spain,TRUE,Movimiento Católico Español,MOVIMIENTO CATOLICO ESPANOL,515,MOVIMIENTO CATÓLICO ESPAÑOL,MCE,1982-01-25,,1,2,TRUE
Q3395184,1982,1984,extrema derecha,franquismo; nacionalismo español,TRUE,Solidaridad Española,Categoría:Partidos fascistas de España,TRUE,Solidaridad Española,SOLIDARIDAD ESPANOLA,545,SOLIDARIDAD ESPAÑOLA,,1982-08-18,2022-06-17,1,2,TRUE
Q3326974,1983,1993,extrema derecha,,TRUE,Juntas Españolas,Categoría:Partidos fascistas de España | Category:Far-right political parties in Spain,TRUE,Juntas Españolas,JUNTAS ESPANOLAS,715,JUNTAS ESPAÑOLAS,,,,2,2,TRUE
Q3326974,1983,1993,extrema derecha,,TRUE,Juntas Españolas,Categoría:Partidos fascistas de España | Category:Far-right political parties in Spain,TRUE,Juntas Españolas,JUNTAS ESPANOLAS,751,JUNTAS ESPAÑOLAS,,1986-06-27,,2,2,TRUE
Q3326711,1986,1993,extrema derecha,,TRUE,"Frente Nacional (España, 1986-1993)",Categoría:Partidos fascistas de España | Category:Far-right political parties in Spain,TRUE,Frente Nacional,FRENTE NACIONAL,817,FRENTE NACIONAL,,1986-11-24,1994-07-20,2,2,TRUE
Q5502807,2006,2011,extrema derecha,,TRUE,"Frente Nacional (España, 2006-2011)",Categoría:Partidos fascistas de España,TRUE,"Frente Nacional (España, 2006-2011)",FRENTE NACIONAL,817,FRENTE NACIONAL,,1986-11-24,1994-07-20,2,2,TRUE
Q7309255,1988,,,fascismo,TRUE,,,FALSE,Partido Regionalista de Guadalajara,PARTIDO REGIONALISTA DE GUADALAJARA,938,PARTIDO REGIONALISTA DE GUADALAJARA,P.R.GU.,1988-01-11,2022-06-15,1,1,TRUE
Q19716133,1988,,extrema derecha,,TRUE,,,FALSE,Partido Andaluz de Cataluña,PARTIDO ANDALUZ DE CATALUNA,928,PARTIDO ANDALUZ DE CATALUÑA,,1988-02-29,,1,1,TRUE
Q1550907,,,,,FALSE,Grupo Independiente Liberal,Categoría:Partidos políticos de extrema derecha de España | Category:Far-right political parties in Spain,TRUE,Grupo Independiente Liberal,GRUPO INDEPENDIENTE LIBERAL,1280,GRUPO INDEPENDIENTE LIBERAL,G.I.L.,1992-02-28,2004-09-06,1,1,TRUE
Q3326705,,,extrema derecha,,TRUE,National Workers' Party (Spain),Category:Far-right political parties in Spain,TRUE,Partido Nacional de los Trabajadores,PARTIDO NACIONAL DE LOS TRABAJADORES,1333,PARTIDO NACIONAL DE LOS TRABAJADORES,P.N.T.,1993-02-09,,1,2,TRUE
Q921147,1976,1982,extrema derecha,Nacionalsindicalismo; nacionalismo español; neofranquismo; nacionalcatolicismo,TRUE,Fuerza Nueva,Categoría:Partidos políticos de extrema derecha de España | Categoría:Partidos fascistas de España,TRUE,Fuerza Nueva,FUERZA NUEVA,1380,FUERZA NUEVA,F.N.,1993-08-26,,2,2,TRUE
Q8195557,1994,2005,,Nacionalsindicalismo,TRUE,,,FALSE,Alianza por la Unidad Nacional,,,,,,,0,1,FALSE
Q9035482,1994,,extrema derecha,Nacionalsindicalismo; nacionalcatolicismo; nacionalismo español,TRUE,Catalan Patriotic Movement,Category:Far-right political parties in Spain,TRUE,Movimiento Patriótico Catalán,,,,,,,0,2,FALSE
Q4890622,1995,,,supremacía blanca; nacionalismo europeo; antisemitismo; nazismo; homofobia; xenofobia; anticomunismo,TRUE,Estado Nacional Europeo,Categoría:Partidos fascistas de España,TRUE,Estado Nacional Europeo,ESTADO NACIONAL EUROPEO,1497,ESTADO NACIONAL EUROPEO,N,1995-01-10,,1,2,TRUE
Q6157050,,,,,FALSE,Unión Nacional (coalición de 1979),Categoría:Partidos políticos de extrema derecha de España | Categoría:Partidos fascistas de España,TRUE,Unión Nacional,UNION NACIONAL,1710,UNION NACIONAL,U.N.,1995-04-04,,1,1,TRUE
Q603477,1995,,extrema derecha,euroescepticismo; nacionalismo español; franquismo; populismo de derecha; oposición a la inmigración; unionismo español,TRUE,Democracia Nacional,Categoría:Partidos fascistas de España | Category:Far-right political parties in Spain,TRUE,Democracia Nacional,DEMOCRACIA NACIONAL,1729,DEMOCRACIA NACIONAL,D.N.,1995-05-25,,1,2,TRUE
Q8195538,2005,,,nacionalismo étnico; conservadurismo; neonazismo; anticomunismo; antisionismo,TRUE,Alianza Nacional (España),Categoría:Partidos políticos de extrema derecha de España | Categoría:Partidos fascistas de España,TRUE,Alianza Nacional,ALIANZA NACIONAL,1748,ALIANZA NACIONAL,A.u.N.,1996-01-23,2023-10-11,1,2,TRUE
Q6064151,,,,,FALSE,Partido Nacional Republicano (contemporáneo),Categoría:Partidos políticos de extrema derecha de España,TRUE,Partido Nacional Republicano (contemporáneo),PARTIDO NACIONAL REPUBLICANO,1783,PARTIDO NACIONAL REPUBLICANO,PNR,1997-01-13,2022-01-12,1,1,TRUE
Q9056184,,,,,FALSE,Spanish Democratic Party,Category:Far-right political parties in Spain,TRUE,Partido Demócrata Español,PARTIDO DEMOCRATA ESPANOL,1790,PARTIDO DEMOCRATA ESPAÑOL,PA.D.E.,1997-03-14,2021-04-06,1,1,TRUE
Q9018531,1999,,extrema derecha,fascismo; Nacionalsindicalismo,TRUE,La Falange (partido),Categoría:Partidos políticos de extrema derecha de España,TRUE,La Falange,LA FALANGE,2061,LA FALANGE,FE,1999-03-24,,1,2,TRUE
Q64768632,,,,,FALSE,National Front of Catalonia (2013),Category:Far-right political parties in Spain,TRUE,Front Nacional de Catalunya,FRONT NACIONAL DE CATALUNYA,2268,FRONT NACIONAL DE CATALUNYA,F.N.C.,1999-11-18,,3,1,TRUE
Q2713131,1999,2018,extrema derecha,nacionalismo español; neofascismo; neonazismo,TRUE,Movimiento Social Republicano,Categoría:Partidos políticos de extrema derecha de España | Categoría:Partidos fascistas de España | Category:Far-right political parties in Spain,TRUE,Movimiento Social Republicano,MOVIMIENTO SOCIAL REPUBLICANO,2269,MOVIMIENTO SOCIAL REPUBLICANO,M.S.R.,1999-11-30,,1,2,TRUE
Q2737634,2002,2019,extrema derecha,unionismo español; conservadurismo social; populismo de derecha; euroescepticismo,TRUE,Plataforma per Catalunya,Categoría:Partidos políticos de extrema derecha de España | Category:Far-right political parties in Spain,TRUE,Plataforma per Catalunya,PLATAFORMA VIGATANA,2321,PLATAFORMA VIGATANA,PL.VI.,2001-01-15,,2,2,TRUE
Q3780794,2002,,sincretismo político; extrema derecha,patriotismo; Nacionalsindicalismo; falangismo; sindicalismo revolucionario; nacionalismo español,TRUE,,,FALSE,Falange Auténtica,FALANGE AUTENTICA,418,FALANGE AUTENTICA,,,,2,1,TRUE
Q2737634,2002,2019,extrema derecha,unionismo español; conservadurismo social; populismo de derecha; euroescepticismo,TRUE,Plataforma per Catalunya,Categoría:Partidos políticos de extrema derecha de España | Category:Far-right political parties in Spain,TRUE,Plataforma per Catalunya,PLATAFORMA PER CATALUNYA,2406,PLATAFORMA PER CATALUNYA,PxC,2002-04-05,2020-12-17,2,2,TRUE
Q3780794,2002,,sincretismo político; extrema derecha,patriotismo; Nacionalsindicalismo; falangismo; sindicalismo revolucionario; nacionalismo español,TRUE,,,FALSE,Falange Auténtica,FALANGE AUTENTICA,2419,FALANGE AUTENTICA,FAu,2002-04-30,,2,1,TRUE
Q584040,2002,,,oposición a la inmigración; fascismo; blaverismo,TRUE,España 2000,Categoría:Partidos fascistas de España | Category:Far-right political parties in Spain,TRUE,España 2000,ESPANA 2000,2457,ESPAÑA 2000,E-2000,2002-07-17,,1,2,TRUE
Q3088490,2002,2003,extrema derecha,nacionalismo español,TRUE,Frente Español,Categoría:Partidos fascistas de España,TRUE,Frente Español,FRENTE ESPANOL,2639,FRENTE ESPAÑOL,FRENTE,2003-04-03,2022-09-14,1,2,TRUE
Q943595,2003,,far-right,socialcristianismo; liberalismo económico; franquismo sociológico; conservadurismo; euroescepticismo; nacionalismo español,TRUE,Alternativa Española,Categoría:Partidos políticos de extrema derecha de España | Categoría:Partidos fascistas de España | Category:Far-right political parties in Spain,TRUE,Alternativa Española,ALTERNATIVA ESPANOLA,2887,ALTERNATIVA ESPAÑOLA,AES,2003-04-21,2023-01-09,1,2,TRUE
Q2981071,,,,,FALSE,Coalición Valenciana,Categoría:Partidos políticos de extrema derecha de España | Categoría:Partidos fascistas de España | Category:Far-right political parties in Spain,TRUE,Coalición Valenciana,COALICIO VALENCIANA,2972,COALICIO VALENCIANA,CVa,2004-05-11,,1,1,TRUE
Q3326711,1986,1993,extrema derecha,,TRUE,"Frente Nacional (España, 1986-1993)",Categoría:Partidos fascistas de España | Category:Far-right political parties in Spain,TRUE,Frente Nacional,FRENTE NACIONAL,3171,FRENTE NACIONAL,,2006-06-14,,2,2,TRUE
Q5502807,2006,2011,extrema derecha,,TRUE,"Frente Nacional (España, 2006-2011)",Categoría:Partidos fascistas de España,TRUE,"Frente Nacional (España, 2006-2011)",FRENTE NACIONAL,3171,FRENTE NACIONAL,,2006-06-14,,2,2,TRUE
Q55471857,2007,2009,extrema derecha,,TRUE,,,FALSE,Centro Democrático Español,CENTRO DEMOCRATICO ESPANOL,3568,CENTRO DEMOCRATICO ESPAÑOL,C.D.Es.,2007-03-12,2009-02-02,1,1,TRUE
Q9056467,2007,,extrema derecha,liberalismo; oposición a la inmigración; populismo,TRUE,,,FALSE,Partit per Catalunya,PARTIT PER CATALUNYA,3772,PARTIT PER CATALUNYA,PxCat,2007-08-13,,1,1,TRUE
Q11703965,2011,2014,extrema derecha,populismo de derecha; euroescepticismo; neoliberalismo; liberalismo; conservadurismo liberal,TRUE,,,FALSE,Sociedad Civil y Democracia,SOCIEDAD CIVIL Y DEMOCRACIA,4668,SOCIEDAD CIVIL Y DEMOCRACIA,SCD,2011-06-20,,1,1,TRUE
Q48966656,,,,,FALSE,Partido por la Libertad (España),Categoría:Partidos políticos de extrema derecha de España | Category:Far-right political parties in Spain,TRUE,Partido por la Libertad (España),PARTIDO POR LA LIBERTAD,4795,PARTIDO POR LA LIBERTAD,PxL,2013-02-25,2019-09-19,1,1,TRUE
Q15630787,2013,,extrema derecha,liberalismo económico; unionismo español; ultraconservadurismo; conservadurismo nacionalista; nacionalismo español; centralismo; antifeminismo,TRUE,Vox (partido político),Categoría:Partidos políticos de extrema derecha de España | Category:Far-right political parties in Spain,TRUE,Vox,VOX,4881,VOX,VOX,2013-12-17,,1,2,TRUE
Q63194186,2014,,tercera posición,independentismo catalán,TRUE,Som Catalans,Categoría:Partidos políticos de extrema derecha de España | Category:Far-right political parties in Spain,TRUE,Som Catalans,SOM CATALANS,4896,SOM CATALANS,SOM CATALANS,2014-02-28,,1,2,TRUE
Q64768632,,,,,FALSE,National Front of Catalonia (2013),Category:Far-right political parties in Spain,TRUE,Front Nacional de Catalunya,BLOC DEMOCRATIC NACIONAL,4887,BLOC DEMOCRATIC NACIONAL,BDN,2014-03-25,,3,1,TRUE
Q20667002,,,,,FALSE,Demócratas de Cataluña,Categoría:Partidos políticos de extrema derecha de España,TRUE,Demòcrates de Catalunya,DEMOCRATES DE CATALUNYA,5737,DEMÒCRATES DE CATALUNYA,DEMÒCRATES,2015-08-31,,1,1,TRUE
Q80125769,2016,,extrema derecha,,TRUE,,,FALSE,Som Identitaris,SOM IDENTITARIS,5762,SOM IDENTITARIS,SOMI,2016-02-16,,1,1,TRUE
Q106350775,2019,,extrema derecha,,TRUE,,,FALSE,Orden y Ley,ORDEN Y LEY,6495,ORDEN Y LEY,POLE,2019-06-20,,1,1,TRUE
Q105324395,2019,,extrema derecha,regionalismo,TRUE,,,FALSE,Som Terres de l'Ebre,SOM TERRES DE LEBRE,6626,SOM TERRES DE L´EBRE,SOM TERRES DE L´EBRE,2019-10-15,,1,1,TRUE
Q104370546,2019,,extrema derecha,independentismo catalán,TRUE,,,FALSE,,RENAIXENCA NACIONAL CATALANA,6612,RENAIXENÇA NACIONAL CATALANA,Rn.Cat,2019-12-18,,1,1,TRUE
Q100407262,2020,,far-right,Nacionalpopulismo; Contrayihad; oposición a la inmigración; independentismo catalán; identitarismo; homonacionalismo; nacionalismo catalán; feminacionalismo; nacionalismo económico; antiespañolismo; sionismo,TRUE,Aliança Catalana,Categoría:Partidos políticos de extrema derecha de España | Category:Far-right political parties in Spain,TRUE,Aliança Catalana,ALIANCA CATALANA,6659,ALIANÇA CATALANA,ALIANÇA.CAT,2020-07-29,,1,2,TRUE
Q123439476,,,,,FALSE,Hacer Nación,Categoría:Partidos políticos de extrema derecha de España | Categoría:Partidos fascistas de España | Category:Far-right political parties in Spain,TRUE,Hacer Nación,HACER NACION,6671,HACER NACION,HACER NACION,2020-11-12,,1,1,TRUE
Q118926691,2023,,extrema derecha,,TRUE,,,FALSE,Caminando Juntos,CAMINANDO JUNTOS,7376,CAMINANDO JUNTOS,CJ,2023-06-08,,1,1,TRUE
Q125882694,,,,,FALSE,Se Acabó la Fiesta,Categoría:Partidos políticos de extrema derecha de España,TRUE,Se Acabó La Fiesta,SE ACABO LA FIESTA,,SE ACABÓ LA FIESTA,SALF,2025-01-31,,1,1,TRUE
Q140934862,2025,,far-right,oposición a la inmigración; independentismo catalán; ultraconservadurismo; nacionalcatolicismo; identitarismo,TRUE,,,FALSE,,AVENC NACIONALISTA,,AVENÇ NACIONALISTA,AVN,2025-08-07,,1,1,TRUE
Q138308386,2026,,extrema derecha,neonazismo; fascismo,TRUE,,,FALSE,Noviembre Nacional,NOVIEMBRE NACIONAL,,NOVIEMBRE NACIONAL,NOVIEMBRE NACIONAL,2026-02-10,,1,1,TRUE
Q111219109,,,extrema derecha,,TRUE,,,FALSE,Vox Andalucía,,,,,,,0,1,FALSE
Q1029869,,,,,FALSE,Spanish National Union,Category:Far-right political parties in Spain,TRUE,Unión Nacional Española,,,,,,,0,1,FALSE
Q11681764,,,,,FALSE,Falange Española de las JONS (1976),Categoría:Partidos políticos de extrema derecha de España,TRUE,Falange Española de las JONS,,,,,,,0,1,FALSE
Q136032726,,,,,FALSE,Bastión Frontal,Categoría:Partidos fascistas de España,TRUE,Bastión Frontal,,,,,,,0,1,FALSE
Q137910611,,,,,FALSE,Núcleo Nacional,Categoría:Partidos fascistas de España,TRUE,Núcleo Nacional,,,,,,,0,1,FALSE
Q16481760,,,,,FALSE,Falange Española,Categoría:Partidos políticos de extrema derecha de España,TRUE,Falange Española,,,,,,,0,1,FALSE
Q18416095,,,,,FALSE,Acción Nacional Revolucionaria,Categoría:Partidos fascistas de España,TRUE,Acción Nacional Revolucionaria,,,,,,,0,1,FALSE
Q20105341,,,,,FALSE,Concordia Catalana,Categoría:Partidos políticos de extrema derecha de España,TRUE,Concordia Catalana,,,,,,,0,1,FALSE
Q207308,,,,,FALSE,Falange Española de las JONS,Category:Far-right political parties in Spain,TRUE,Falange Española de las JONS,,,,,,,0,1,FALSE
Q30091798,,,,,FALSE,Movimiento Español Sindicalista,Categoría:Partidos fascistas de España | Category:Far-right political parties in Spain,TRUE,Movimiento Español Sindicalista,,,,,,,0,1,FALSE
Q3394400,,,,,FALSE,Spanish Nationalist Party,Category:Far-right political parties in Spain,TRUE,Partido Nacionalista Español,,,,,,,0,1,FALSE
Q3848397,,,,,FALSE,Unión Monárquica Nacional,Categoría:Partidos políticos de extrema derecha de España | Categoría:Partidos fascistas de España | Category:Far-right political parties in Spain,TRUE,Unión Monárquica Nacional,,,,,,,0,1,FALSE
Q5956573,,,,,FALSE,Juntas Castellanas de Actuación Hispánica,Categoría:Partidos fascistas de España,TRUE,Juntas Castellanas de Actuación Hispánica,,,,,,,0,1,FALSE
Q6078059,,,,,FALSE,Plataforma per la Comunitat Valenciana,Categoría:Partidos políticos de extrema derecha de España,TRUE,Plataforma per la Comunitat Valenciana,,,,,,,0,1,FALSE
