organisation,person,roles,first_seen,last_seen,n_captures,source
DENAES,Adolfo Prego de Oliver y Tolivar,Magistrado,2013-07-09,2014-03-09,4,https://web.archive.org/web/20130916090204/http://denaes.es:80/quienes-somos/patronato-de-honor/
DENAES,Adolfo Suárez,"el presidente (2010), interpretado por Mariano Venancio.",2013-07-09,2013-07-09,1,https://web.archive.org/web/20130709010902/http://denaes.es/quienes-somos/patronato-de-honor/sabino-fernandez-campo/
DENAES,Alejo Vidal-Quadras Roca,,2013-07-09,2014-03-09,4,https://web.archive.org/web/20130916090204/http://denaes.es:80/quienes-somos/patronato-de-honor/
DENAES,Amando de Miguel,Sociólogo,2013-09-16,2014-03-09,4,https://web.archive.org/web/20130916090204/http://denaes.es:80/quienes-somos/patronato-de-honor/
DENAES,Cristina López Schlichting,Periodista,2013-07-09,2014-03-09,4,https://web.archive.org/web/20130916090204/http://denaes.es:80/quienes-somos/patronato-de-honor/
DENAES,Francisco Caja,Filósofo,2013-09-16,2014-03-09,3,https://web.archive.org/web/20130916090204/http://denaes.es:80/quienes-somos/patronato-de-honor/
DENAES,Gabriel Cisneros,Magistrado,2013-07-09,2014-01-01,2,https://web.archive.org/web/20130709010839/http://denaes.es/quienes-somos/patronato-de-honor/gabriel-cisneros/
DENAES,Gustavo Bueno Martínez,Filosofo | Filósofo,2013-07-09,2014-03-09,4,https://web.archive.org/web/20130916090204/http://denaes.es:80/quienes-somos/patronato-de-honor/
DENAES,Gustavo Bueno Sánchez,Secretario de la Fundación DENAES,2013-11-18,2014-03-21,4,https://web.archive.org/web/20131118083720/http://denaes.es:80/quienes-somos/patronato/
DENAES,Ivan Espinosa de los Monteros,Vicepresidente de la Fundación DENAES,2013-11-18,2014-03-21,4,https://web.archive.org/web/20131118083720/http://denaes.es:80/quienes-somos/patronato/
DENAES,Jaime Larrinaga,,2013-07-09,2014-03-09,4,https://web.archive.org/web/20130916090204/http://denaes.es:80/quienes-somos/patronato-de-honor/
DENAES,Joan Juaristí,Escritor,2013-07-09,2014-03-09,4,https://web.archive.org/web/20130916090204/http://denaes.es:80/quienes-somos/patronato-de-honor/
DENAES,Ricardo Garrudo,Patrono,2013-11-18,2014-03-21,4,https://web.archive.org/web/20131118083720/http://denaes.es:80/quienes-somos/patronato/
DENAES,Sabino Fernández Campo,,2013-07-09,2013-07-09,1,https://web.archive.org/web/20130709010902/http://denaes.es/quienes-somos/patronato-de-honor/sabino-fernandez-campo/
DENAES,Santiago Abascal Conde,Presidente de la Fundación DENAES,2013-11-18,2014-03-21,6,https://web.archive.org/web/20131118083720/http://denaes.es:80/quienes-somos/patronato/
Disenso,Agustín Rosety Fernández de Castro,,2023-09-27,2024-09-13,2,https://web.archive.org/web/20230927043639/https://fundaciondisenso.org/nosotros/patronos/
Disenso,Amando de Miguel,,2020-12-02,2022-10-24,3,https://web.archive.org/web/20201202220742/https://fundaciondisenso.org/nosotros/patronos/
Disenso,Ana Velasco Vidal-Abarca,,2020-12-02,2024-10-06,6,https://web.archive.org/web/20241006110435/https://fundaciondisenso.org/nosotros/consejo-asesor-internacional/
Disenso,Carlos Bustelo y García del Real,,2020-12-02,2024-10-06,6,https://web.archive.org/web/20241006110435/https://fundaciondisenso.org/nosotros/consejo-asesor-internacional/
Disenso,Edmaly Maucó Toro,,2023-09-29,2024-05-29,2,https://web.archive.org/web/20230929081827/https://fundaciondisenso.org/nosotros/equipo/
Disenso,Eduardo Cader,,2022-08-13,2024-05-29,3,https://web.archive.org/web/20220813040026/https://fundaciondisenso.org/nosotros/equipo/
Disenso,Eduardo Fernández Luiña,,2020-12-02,2023-09-29,4,https://web.archive.org/web/20201202212342/https://fundaciondisenso.org/nosotros/equipo/
Disenso,Emma González Tuche,,2020-12-02,2024-05-29,5,https://web.archive.org/web/20201202212342/https://fundaciondisenso.org/nosotros/equipo/
Disenso,Enrique Cabanas,Enrique Cabanas es miembro del CEN de VOX,2022-10-24,2024-09-13,3,https://web.archive.org/web/20221024163414/https://fundaciondisenso.org/nosotros/patronos/
Disenso,Enrique García-Máiquez,,2020-12-02,2024-10-06,6,https://web.archive.org/web/20241006110435/https://fundaciondisenso.org/nosotros/consejo-asesor-internacional/
Disenso,Ernesto Araújo,,2024-05-29,2024-10-06,2,https://web.archive.org/web/20241006110435/https://fundaciondisenso.org/nosotros/consejo-asesor-internacional/
Disenso,Fernando Sánchez Dragó,,2020-12-02,2022-10-24,3,https://web.archive.org/web/20201202220742/https://fundaciondisenso.org/nosotros/patronos/
Disenso,Francisco José Contreras Peláez,,2020-12-02,2024-09-13,5,https://web.archive.org/web/20201202220742/https://fundaciondisenso.org/nosotros/patronos/
Disenso,Hermann Tertsch del Valle-Lersundi,,2020-12-02,2024-10-06,2,https://web.archive.org/web/20241006110435/https://fundaciondisenso.org/nosotros/consejo-asesor-internacional/
Disenso,Jorge Martín Frías,Director,2020-12-02,2024-05-29,5,https://web.archive.org/web/20201202212342/https://fundaciondisenso.org/nosotros/equipo/
Disenso,José María Marco Tobarra,,2020-12-02,2021-10-26,2,https://web.archive.org/web/20201202220742/https://fundaciondisenso.org/nosotros/patronos/
Disenso,Juan Manuel Sayago,,2023-09-29,2024-05-29,2,https://web.archive.org/web/20230929081827/https://fundaciondisenso.org/nosotros/equipo/
Disenso,Julio Utrilla,,2022-10-24,2023-09-27,2,https://web.archive.org/web/20221024163414/https://fundaciondisenso.org/nosotros/patronos/
Disenso,Kiko Méndez-Monasterio,,2020-12-02,2020-12-02,1,https://web.archive.org/web/20201202220742/https://fundaciondisenso.org/nosotros/patronos/
Disenso,Luis Asúa Brunt,,2020-12-02,2023-09-27,4,https://web.archive.org/web/20201202220742/https://fundaciondisenso.org/nosotros/patronos/
Disenso,Mario Noya,,2024-10-06,2024-10-06,1,https://web.archive.org/web/20241006110435/https://fundaciondisenso.org/nosotros/consejo-asesor-internacional/
Disenso,Miguel Ángel Quintana Paz,,2024-10-06,2024-10-06,1,https://web.archive.org/web/20241006110435/https://fundaciondisenso.org/nosotros/consejo-asesor-internacional/
Disenso,Orlando Avendaño,,2024-10-06,2024-10-06,1,https://web.archive.org/web/20241006110435/https://fundaciondisenso.org/nosotros/consejo-asesor-internacional/
Disenso,Pablo Sáez,,2022-10-24,2024-09-13,3,https://web.archive.org/web/20221024163414/https://fundaciondisenso.org/nosotros/patronos/
Disenso,Pablo Viana,,2024-10-06,2024-10-06,1,https://web.archive.org/web/20241006110435/https://fundaciondisenso.org/nosotros/consejo-asesor-internacional/
Disenso,Ricardo Ruiz de la Serna,Abogado en ejercicio especialista en derecho público y profesor asociado universitario.,2024-05-29,2024-05-29,1,https://web.archive.org/web/20240529050432/https://fundaciondisenso.org/nosotros/equipo/
Disenso,Rocío Monasterio,,2020-12-02,2024-09-13,5,https://web.archive.org/web/20201202220742/https://fundaciondisenso.org/nosotros/patronos/
Disenso,Rosa Reigía Vales,,2021-10-28,2021-10-28,1,https://web.archive.org/web/20211028133129/https://fundaciondisenso.org/nosotros/equipo/
Disenso,Santiago Abascal Conde,,2020-12-02,2024-09-13,5,https://web.archive.org/web/20201202220742/https://fundaciondisenso.org/nosotros/patronos/
HazteOir,Agustín Rosety Cózar,,2019-10-31,2020-11-06,8,https://web.archive.org/web/20191230130736/http://www.hazteoir.org:80/conocenos/junta-directiva
HazteOir,Alberto López Navarro,,2015-03-18,2017-05-07,5,https://web.archive.org/web/20150318171752/http://hazteoir.org/conocenos/junta-directiva
HazteOir,Beatriz Escudero,"diputada del PP, recibe insultos en Twitter por hablar del derecho a vivir del no nacido",2013-05-09,2013-05-09,1,https://web.archive.org/web/20130509160032/http://www.hazteoir.org/conocenos/modelo-100x100
HazteOir,Blanca Escobar,,2015-03-18,2018-12-19,8,https://web.archive.org/web/20150318171752/http://hazteoir.org/conocenos/junta-directiva
HazteOir,Carlos Polo Samaniego,,2019-10-31,2020-11-06,8,https://web.archive.org/web/20191230130736/http://www.hazteoir.org:80/conocenos/junta-directiva
HazteOir,Francisco José Contreras Peláez,,2016-12-23,2019-11-18,7,https://web.archive.org/web/20161223193450/http://www.hazteoir.org:80/conocenos/junta-directiva
HazteOir,Francisco Segarra,Paco Segarra es catalán de Barcelona. Estudió Filosofía y Letras en los 70,2019-10-31,2020-11-06,8,https://web.archive.org/web/20191230130736/http://www.hazteoir.org:80/conocenos/junta-directiva
HazteOir,Gádor Joya,Pediatra y portavoz de Derecho a Vivir. Gádor conoció HazteOir.org,2015-03-18,2018-12-19,8,https://web.archive.org/web/20150318171752/http://hazteoir.org/conocenos/junta-directiva
HazteOir,Ignacio Arsuaga Rato,Presidente,2014-11-16,2020-11-06,20,https://web.archive.org/web/20141116204705/http://hazteoir.org/conocenos
HazteOir,Javier María Pérez-Roldán,,2019-10-31,2020-11-06,8,https://web.archive.org/web/20191230130736/http://www.hazteoir.org:80/conocenos/junta-directiva
HazteOir,Luis Losada,Luis Losada es licenciado en Ciencias Económicas y Empresariales por ICADE.,2018-12-19,2020-11-06,9,https://web.archive.org/web/20181219110718/http://www.hazteoir.org:80/conocenos/junta-directiva
HazteOir,Luis del Pino y Álex Rosal,nuevos miembros de la Junta Directiva de HazteOir.org,2014-07-01,2017-12-03,9,https://web.archive.org/web/20140701151136/http://hazteoir.org/conocenos/el-origen-de-ho
HazteOir,Olga Cuquerella,,2015-03-18,2017-05-07,5,https://web.archive.org/web/20150318171752/http://hazteoir.org/conocenos/junta-directiva
HazteOir,Susana Díaz,,2013-12-05,2013-12-05,4,https://web.archive.org/web/20131205073138/http://www.hazteoir.org/conocenos
HazteOir,Valentín Lasarte,,2013-05-09,2013-05-10,2,https://web.archive.org/web/20130510001056/http://www.hazteoir.org/conocenos/el-origen-de-ho
HazteOir,Walter Hintz,,2015-03-18,2017-05-07,5,https://web.archive.org/web/20150318171752/http://hazteoir.org/conocenos/junta-directiva
HazteOir,Ya Somos,,2015-09-24,2020-11-16,217,https://web.archive.org/web/20151218231329/http://hazteoir.org/conocenos
HazteOir,Álex del Rosal,"periodista y editor, estudió Ciencias Políticas. Dedicó",2015-03-18,2016-09-02,3,https://web.archive.org/web/20150318171752/http://hazteoir.org/conocenos/junta-directiva
ISSEP,Adolfo Prego de Oliver y Tolivar,Ha sido Presidente de Audiencia Provincial,2020-10-23,2020-10-23,1,https://web.archive.org/web/20201023215509/https://issep.es/profesores
ISSEP,Alejandro Rodríguez de la Peña,Catedrático y doctor de Historia Medieval,2023-11-28,2026-03-12,5,https://web.archive.org/web/20231128170655/https://www.issep.es/profesores/
ISSEP,Alejo Vidal-Quadras Roca,Ha sido vicepresidente del Parlamento Europeo,2020-10-23,2020-10-23,1,https://web.archive.org/web/20201023215509/https://issep.es/profesores
ISSEP,Arturo García Díaz,Periodista y experto en comunicación,2023-11-28,2024-06-16,3,https://web.archive.org/web/20231128170655/https://www.issep.es/profesores/
ISSEP,Bruno Navarro Rousseau-Dumarcet,Militar y experto en geopolítica,2023-11-28,2026-03-12,5,https://web.archive.org/web/20231128170655/https://www.issep.es/profesores/
ISSEP,Cake Minuesa,Abogado y periodista con una extensa carrera en los medios de comunicación | Periodista y licenciado en Derecho,2025-12-26,2026-03-12,2,https://web.archive.org/web/20251226224204/https://issep.es/profesores/
ISSEP,Carlos Esteban Rodríguez,Fue el primer periodista español que predijo la victoria de Trump,2020-10-23,2020-10-23,1,https://web.archive.org/web/20201023215509/https://issep.es/profesores
ISSEP,Carlos Flores Juberías,Catedrático de Derecho y diputado nacional | Diputado nacional. Catedrático de Derecho en la Universidad de Valencia.,2026-03-12,2026-03-12,1,https://web.archive.org/web/20260312143810/https://issep.es/profesores/
ISSEP,Carlos Hernández Quero,Diputado nacional y doctor en Historia Contemporánea,2024-03-24,2026-03-12,4,https://web.archive.org/web/20240324044117/https://www.issep.es/profesores/
ISSEP,Consuelo Martínez-Sicluna y Sepúlveda,Profesora Titular de Filosofía del Derecho de la Universidad Complutense de Madrid,2020-10-23,2020-10-23,1,https://web.archive.org/web/20201023215509/https://issep.es/profesores
ISSEP,Diego Vigil de Quiñones,,2023-11-28,2026-03-12,5,https://web.archive.org/web/20231128170655/https://www.issep.es/profesores/
ISSEP,Eduardo Bolsonaro,Abogado y político brasileño,2026-03-12,2026-03-12,1,https://web.archive.org/web/20260312143810/https://issep.es/profesores/
ISSEP,Elena Postigo Solana,Profesora adjunta de Filosofía y Bioética | Profesora de Filosofía y de Bioética,2023-11-28,2026-03-12,5,https://web.archive.org/web/20231128170655/https://www.issep.es/profesores/
ISSEP,Enrique García-Máiquez,Escritor y profesor,2020-10-23,2026-03-12,7,https://web.archive.org/web/20201023215509/https://issep.es/profesores
ISSEP,Fernando Paz Cristóbal,Historiador y escritor | Profesor de Historia,2026-03-12,2026-03-12,1,https://web.archive.org/web/20260312143810/https://issep.es/profesores/
ISSEP,Gregorio Luri Medrano,Licenciado en Pedagogía y Doctor en Filosofía,2026-03-12,2026-03-12,1,https://web.archive.org/web/20260312143810/https://issep.es/profesores/
ISSEP,Guillermo Alonso Olarra,Jurista,2020-10-23,2023-11-28,3,https://web.archive.org/web/20201023215509/https://issep.es/profesores
ISSEP,Guillermo Graíño Ferrer,Doctor en Ciencias Políticas y en Filosofía,2026-03-12,2026-03-12,1,https://web.archive.org/web/20260312143810/https://issep.es/profesores/
ISSEP,Ignacio de Hoces Íñiguez,Diputado nacional. Doctor en Derecho y en Ciencias Políticas,2023-11-28,2026-03-12,5,https://web.archive.org/web/20231128170655/https://www.issep.es/profesores/
ISSEP,Jaime Mayor Oreja,Presidente de la fundación “Valores y Sociedad” e impulsor de NEOS. Fue diputado,2020-10-23,2026-03-12,7,https://web.archive.org/web/20201023215509/https://issep.es/profesores
ISSEP,Javier Tebas Medrano,Presidente de la Liga de Futbol Profesional (LaLiga) desde el año 2013 | Presidente de LaLiga | Presidente de LALIGA,2020-10-23,2026-03-12,7,https://web.archive.org/web/20201023215509/https://issep.es/profesores
ISSEP,Jesús Terreros Andreu,Director de Estrategia de la Data y de Marketing on & off de Prensa Ibérica,2020-10-23,2020-10-23,1,https://web.archive.org/web/20201023215509/https://issep.es/profesores
ISSEP,Jesús Trillo-Figueroa y Martínez-Conde,,2020-10-23,2021-07-25,2,https://web.archive.org/web/20201023215509/https://issep.es/profesores
ISSEP,Jorge Buxadé Villalba,Eurodiputado y abogado del Estado,2023-11-28,2026-03-12,5,https://web.archive.org/web/20231128170655/https://www.issep.es/profesores/
ISSEP,Jorge Soley Climent,Economista y escritor | Economista y MBA por el IESE,2023-11-28,2026-03-12,5,https://web.archive.org/web/20231128170655/https://www.issep.es/profesores/
ISSEP,José Antonio Fúster Lamelas,Diputado autonómico y periodista | Pdte. de VOX en la Comunidad de Madrid y periodista | Periodista. Antes de ser diputado por VOX en la Asamblea de Madrid,2023-11-28,2026-03-12,5,https://web.archive.org/web/20231128170655/https://www.issep.es/profesores/
ISSEP,José Javier Esparza Torres,Historiador y periodista | Periodista e historiador,2020-10-23,2026-03-12,7,https://web.archive.org/web/20201023215509/https://issep.es/profesores
ISSEP,José Luis Orella,Ensayista y escritor,2023-11-28,2026-03-12,5,https://web.archive.org/web/20231128170655/https://www.issep.es/profesores/
ISSEP,José María Marco Tobarra,Escritor y columnista | Profesor del Departamento de Relaciones Internacionales en la Universidad Pontificia,2026-03-12,2026-03-12,1,https://web.archive.org/web/20260312143810/https://issep.es/profesores/
ISSEP,José Yusty Bastarreche,Magistrado titular del Juzgado de lo contencioso-administrativo nº3 de Madrid,2020-10-23,2020-10-23,1,https://web.archive.org/web/20201023215509/https://issep.es/profesores
ISSEP,Juan Carlos Girauta,Abogado,2023-11-28,2026-03-12,5,https://web.archive.org/web/20231128170655/https://www.issep.es/profesores/
ISSEP,Julio Ariza Irigoyen,Periodista y empresario | Presidente del Grupo Intereconomía,2020-10-23,2026-03-12,7,https://web.archive.org/web/20201023215509/https://issep.es/profesores
ISSEP,Kiko Méndez-Monasterio,Escritor y periodista,2020-10-23,2026-03-12,7,https://web.archive.org/web/20201023215509/https://issep.es/profesores
ISSEP,Luis Togores Sánchez,Catedrático de Historia Contemporánea,2026-03-12,2026-03-12,1,https://web.archive.org/web/20260312143810/https://issep.es/profesores/
ISSEP,Luis del Rivero Asensio,Directivo y Empresario,2020-10-23,2025-12-26,6,https://web.archive.org/web/20201023215509/https://issep.es/profesores
ISSEP,Manuel Mariscal Zabala,Diputado nacional,2023-11-28,2026-03-12,5,https://web.archive.org/web/20231128170655/https://www.issep.es/profesores/
ISSEP,Marcos de Quinto,Empresario y exvicepresidente mundial de Coca-Cola | Empresario y político,2026-03-12,2026-03-12,1,https://web.archive.org/web/20260312143810/https://issep.es/profesores/
ISSEP,Marion Maréchal,Fundadora de ISSEP Lyon,2020-10-23,2026-03-12,7,https://web.archive.org/web/20201023215509/https://issep.es/profesores
ISSEP,Mariona Gúmpert,Doctora en Filosofía | Doctora en Filosofía por la Universidad de Navarra,2023-11-28,2026-03-12,5,https://web.archive.org/web/20231128170655/https://www.issep.es/profesores/
ISSEP,Marisol Salanova Burguera,Licenciada en Filosofía y máster en Producción Artística. Crítica de arte.,2026-03-12,2026-03-12,1,https://web.archive.org/web/20260312143810/https://issep.es/profesores/
ISSEP,Miguel Ángel Quintana Paz,Director académico de ISSEP Madrid y filósofo. | Filósofo,2020-10-23,2026-03-12,7,https://web.archive.org/web/20201023215509/https://issep.es/profesores
ISSEP,Pedro Baños Bajo,,2020-10-23,2024-03-24,4,https://web.archive.org/web/20201023215509/https://issep.es/profesores
ISSEP,Pedro Herrero Mestre,Director de Asuntos Públicos,2023-11-28,2026-03-12,5,https://web.archive.org/web/20231128170655/https://www.issep.es/profesores/
ISSEP,Rebeca Crespo,Graduada en Periodismo y editora en La Gaceta de la Iberosfera | Periodista y presentadora de televisión,2026-03-12,2026-03-12,1,https://web.archive.org/web/20260312143810/https://issep.es/profesores/
ISSEP,Rocío de Meer,Diputada nacional y abogada,2024-06-16,2026-03-12,3,https://web.archive.org/web/20240616175812/http://www.issep.es/profesores/
ISSEP,Rosa Cuervas-Mons Vendrell,Periodista,2023-11-28,2026-03-12,5,https://web.archive.org/web/20231128170655/https://www.issep.es/profesores/
ISSEP,Samuel Vázquez Álvarez,Presidente de la asociación “Una Policía para el Siglo XXI”.,2026-03-12,2026-03-12,1,https://web.archive.org/web/20260312143810/https://issep.es/profesores/
ISSEP,Santiago Milans del Bosch,Jurista y abogado,2023-11-28,2026-03-12,5,https://web.archive.org/web/20231128170655/https://www.issep.es/profesores/
ISSEP,Santiago Muzio de Place,Abogado. Miembro del Fórum Francófono de los Negocios | Director de ISSEP Madrid | Director de la Casa Argentina en París,2023-11-28,2026-03-12,5,https://web.archive.org/web/20231128170655/https://www.issep.es/profesores/
ISSEP,Segundo Apellido,,2020-11-25,2021-07-24,2,https://web.archive.org/web/20201125105455/https://issep.es/nosotros
ISSEP,Sigfrido Verstrynge Vidaurreta,Economista,2026-03-12,2026-03-12,1,https://web.archive.org/web/20260312143810/https://issep.es/profesores/
ISSEP,Toni Cantó,Actor y profesor de Interpretación y Oratoria,2026-03-12,2026-03-12,1,https://web.archive.org/web/20260312143810/https://issep.es/profesores/
ISSEP,Yobana Carril Antelo,Abogada | Abogada y fundadora del despacho Celtius Abogados,2023-11-28,2026-03-12,5,https://web.archive.org/web/20231128170655/https://www.issep.es/profesores/
Solidaridad,Javier Tomás de la Cruz Bazo,Solicitante del depósito,2025-05-23,2026-07-03,2,https://www.boe.es/diario_boe/txt.php?id=BOE-B-2025-18656
Solidaridad,Jordi Albert de la Fuente Miró,Secretario General,2025-05-23,2026-07-03,2,https://www.boe.es/diario_boe/txt.php?id=BOE-B-2025-18656
Solidaridad,Paula Bernardina Hidalgo de la Cruz,Promotora,2020-08-12,2020-08-12,1,https://www.boe.es/diario_boe/txt.php?id=BOE-B-2020-26040
Solidaridad,Raquel Moreno Barba,Promotora,2020-08-12,2020-08-12,1,https://www.boe.es/diario_boe/txt.php?id=BOE-B-2020-26040
Solidaridad,Rodrigo Alonso Fernández,Secretario General,2021-02-15,2021-02-15,1,https://www.boe.es/diario_boe/txt.php?id=BOE-B-2021-7089
Solidaridad,Santiago Alarcón Gordon,Solicitante del depósito,2020-08-12,2021-02-15,2,https://www.boe.es/diario_boe/txt.php?id=BOE-B-2020-26040
Solidaridad,Ángel García Ochoa,Promotor,2020-08-12,2020-08-12,1,https://www.boe.es/diario_boe/txt.php?id=BOE-B-2020-26040
