Año;Concepto;Tipo territorio;Código territorio;Territorio;Valor;Unidad;Estado dato
1991;Mujeres diputadas de Vox en la Asamblea de la Comunidad de Madrid;Otros;;;-;Número;
1991;Hombres diputados de Vox en la Asamblea de la Comunidad de Madrid;Otros;;;-;Número;
1991;Hombres diputados de Más Madrid en la Asamblea de la Comunidad de Madrid;Otros;;;-;Número;
1991;Mujeres diputadas de Más Madrid en la Asamblea de la Comunidad de Madrid;Otros;;;-;Número;
1991;Mujeres diputadas de Ciudadanos (CS) en la Asamblea de la Comunidad de Madrid;Otros;;;-;Número;
1991;Hombres diputados de Ciudadanos (CS) en la Asamblea de la Comunidad de Madrid;Otros;;;-;Número;
1991;Diputados a elegir para la Asamblea de la Comunidad de Madrid;Otros;;;101;Número;
1991;Mujeres diputadas del resto de partidos en la Asamblea de la Comunidad de Madrid;Otros;;;0;Número;
1991;Diputados de Izquierda Unida (IU) en la Asamblea de la Comunidad de Madrid;Otros;;;13;Número;
1991;Hombres diputados de Izquierda Unida (IU) en la Asamblea de la Comunidad de Madrid;Otros;;;9;Número;
1991;Mujeres diputadas de Izquierda Unida (IU) en la Asamblea de la Comunidad de Madrid;Otros;;;4;Número;
1991;Diputados del Partido Popular (PP) en la Asamblea de la Comunidad de Madrid;Otros;;;47;Número;
1991;Hombres diputados del Partido Popular (PP) en la Asamblea de la Comunidad de Madrid;Otros;;;37;Número;
1991;Mujeres diputadas del Partido Popular (PP) en la Asamblea de la Comunidad de Madrid;Otros;;;10;Número;
1991;Diputados del Partido Socialista Obrero Español (PSOE) en la Asamblea de la Comunidad de Madrid;Otros;;;41;Número;
1991;Hombres diputados del Partido Socialista Obrero Español (PSOE) en la Asamblea de la Comunidad de Madrid;Otros;;;34;Número;
1991;Mujeres diputadas del Partido Socialista Obrero Español (PSOE) en la Asamblea de la Comunidad de Madrid;Otros;;;7;Número;
1991;Diputados del resto de partidos en la Asamblea de la Comunidad de Madrid;Otros;;;0;Número;
1991;Hombres diputados del resto de partidos en la Asamblea de la Comunidad de Madrid;Otros;;;0;Número;
1991;Diputados de Unión Progreso y Democrácia (UPyD) en la Asamblea de Madrid;Otros;;;-;Número;
1991;Hombres diputados de Unión Progreso y Democracia (UPyD) en la Asamblea de Madrid;Otros;;;-;Número;
1991;Mujeres diputadas de Unión Progreso y Democracia (UPyD) en la Asamblea de Madrid;Otros;;;-;Número;
1991;Diputados de Ciudadanos (CS) en la Asamblea de Madrid;Otros;;;-;Número;
1991;Diputados de Podemos en la Asamblea de Madrid;Otros;;;-;Número;
1991;Hombres diputados de Podemos en la Asamblea de la Comunidad de Madrid;Otros;;;-;Número;
1991;Mujeres diputadas de Podemos en la Asamblea de la Comunidad de Madrid;Otros;;;-;Número;
1991;Diputados de Vox en la Asamblea de Madrid;Otros;;;-;Número;
1991;Diputados de Más Madrid en la Asamblea de Madrid;Otros;;;-;Número;
1995;Hombres diputados de Vox en la Asamblea de la Comunidad de Madrid;Otros;;;-;Número;
1995;Mujeres diputadas de Vox en la Asamblea de la Comunidad de Madrid;Otros;;;-;Número;
1995;Diputados de Más Madrid en la Asamblea de Madrid;Otros;;;-;Número;
1995;Hombres diputados de Más Madrid en la Asamblea de la Comunidad de Madrid;Otros;;;-;Número;
1995;Mujeres diputadas de Más Madrid en la Asamblea de la Comunidad de Madrid;Otros;;;-;Número;
1995;Mujeres diputadas de Ciudadanos (CS) en la Asamblea de la Comunidad de Madrid;Otros;;;-;Número;
1995;Hombres diputados de Ciudadanos (CS) en la Asamblea de la Comunidad de Madrid;Otros;;;-;Número;
1995;Diputados a elegir para la Asamblea de la Comunidad de Madrid;Otros;;;103;Número;
1995;Mujeres diputadas del resto de partidos en la Asamblea de la Comunidad de Madrid;Otros;;;0;Número;
1995;Diputados de Izquierda Unida (IU) en la Asamblea de la Comunidad de Madrid;Otros;;;17;Número;
1995;Hombres diputados de Izquierda Unida (IU) en la Asamblea de la Comunidad de Madrid;Otros;;;12;Número;
1995;Mujeres diputadas de Izquierda Unida (IU) en la Asamblea de la Comunidad de Madrid;Otros;;;5;Número;
1995;Diputados del Partido Popular (PP) en la Asamblea de la Comunidad de Madrid;Otros;;;54;Número;
1995;Hombres diputados del Partido Popular (PP) en la Asamblea de la Comunidad de Madrid;Otros;;;38;Número;
1995;Mujeres diputadas del Partido Popular (PP) en la Asamblea de la Comunidad de Madrid;Otros;;;16;Número;
1995;Diputados del Partido Socialista Obrero Español (PSOE) en la Asamblea de la Comunidad de Madrid;Otros;;;32;Número;
1995;Hombres diputados del Partido Socialista Obrero Español (PSOE) en la Asamblea de la Comunidad de Madrid;Otros;;;23;Número;
1995;Mujeres diputadas del Partido Socialista Obrero Español (PSOE) en la Asamblea de la Comunidad de Madrid;Otros;;;9;Número;
1995;Diputados del resto de partidos en la Asamblea de la Comunidad de Madrid;Otros;;;0;Número;
1995;Hombres diputados del resto de partidos en la Asamblea de la Comunidad de Madrid;Otros;;;0;Número;
1995;Diputados de Unión Progreso y Democrácia (UPyD) en la Asamblea de Madrid;Otros;;;-;Número;
1995;Hombres diputados de Unión Progreso y Democracia (UPyD) en la Asamblea de Madrid;Otros;;;-;Número;
1995;Mujeres diputadas de Unión Progreso y Democracia (UPyD) en la Asamblea de Madrid;Otros;;;-;Número;
1995;Diputados de Ciudadanos (CS) en la Asamblea de Madrid;Otros;;;-;Número;
1995;Diputados de Podemos en la Asamblea de Madrid;Otros;;;-;Número;
1995;Hombres diputados de Podemos en la Asamblea de la Comunidad de Madrid;Otros;;;-;Número;
1995;Mujeres diputadas de Podemos en la Asamblea de la Comunidad de Madrid;Otros;;;-;Número;
1995;Diputados de Vox en la Asamblea de Madrid;Otros;;;-;Número;
1999;Hombres diputados de Vox en la Asamblea de la Comunidad de Madrid;Otros;;;-;Número;
1999;Diputados de Vox en la Asamblea de Madrid;Otros;;;-;Número;
1999;Diputados de Más Madrid en la Asamblea de Madrid;Otros;;;-;Número;
1999;Hombres diputados de Más Madrid en la Asamblea de la Comunidad de Madrid;Otros;;;-;Número;
1999;Mujeres diputadas de Más Madrid en la Asamblea de la Comunidad de Madrid;Otros;;;-;Número;
1999;Mujeres diputadas de Ciudadanos (CS) en la Asamblea de la Comunidad de Madrid;Otros;;;-;Número;
1999;Hombres diputados de Ciudadanos (CS) en la Asamblea de la Comunidad de Madrid;Otros;;;-;Número;
1999;Diputados a elegir para la Asamblea de la Comunidad de Madrid;Otros;;;102;Número;
1999;Mujeres diputadas del resto de partidos en la Asamblea de la Comunidad de Madrid;Otros;;;0;Número;
1999;Diputados de Izquierda Unida (IU) en la Asamblea de la Comunidad de Madrid;Otros;;;8;Número;
1999;Hombres diputados de Izquierda Unida (IU) en la Asamblea de la Comunidad de Madrid;Otros;;;5;Número;
1999;Mujeres diputadas de Izquierda Unida (IU) en la Asamblea de la Comunidad de Madrid;Otros;;;3;Número;
1999;Diputados del Partido Popular (PP) en la Asamblea de la Comunidad de Madrid;Otros;;;55;Número;
1999;Hombres diputados del Partido Popular (PP) en la Asamblea de la Comunidad de Madrid;Otros;;;38;Número;
1999;Mujeres diputadas del Partido Popular (PP) en la Asamblea de la Comunidad de Madrid;Otros;;;17;Número;
1999;Diputados del Partido Socialista Obrero Español (PSOE) en la Asamblea de la Comunidad de Madrid;Otros;;;39;Número;
1999;Hombres diputados del Partido Socialista Obrero Español (PSOE) en la Asamblea de la Comunidad de Madrid;Otros;;;23;Número;
1999;Mujeres diputadas del Partido Socialista Obrero Español (PSOE) en la Asamblea de la Comunidad de Madrid;Otros;;;16;Número;
1999;Diputados del resto de partidos en la Asamblea de la Comunidad de Madrid;Otros;;;0;Número;
1999;Hombres diputados del resto de partidos en la Asamblea de la Comunidad de Madrid;Otros;;;0;Número;
1999;Diputados de Unión Progreso y Democrácia (UPyD) en la Asamblea de Madrid;Otros;;;-;Número;
1999;Hombres diputados de Unión Progreso y Democracia (UPyD) en la Asamblea de Madrid;Otros;;;-;Número;
1999;Mujeres diputadas de Unión Progreso y Democracia (UPyD) en la Asamblea de Madrid;Otros;;;-;Número;
1999;Diputados de Ciudadanos (CS) en la Asamblea de Madrid;Otros;;;-;Número;
1999;Diputados de Podemos en la Asamblea de Madrid;Otros;;;-;Número;
1999;Hombres diputados de Podemos en la Asamblea de la Comunidad de Madrid;Otros;;;-;Número;
1999;Mujeres diputadas de Podemos en la Asamblea de la Comunidad de Madrid;Otros;;;-;Número;
1999;Mujeres diputadas de Vox en la Asamblea de la Comunidad de Madrid;Otros;;;-;Número;
2003;Mujeres diputadas de Vox en la Asamblea de la Comunidad de Madrid;Otros;;;-;Número;
2003;Hombres diputados de Vox en la Asamblea de la Comunidad de Madrid;Otros;;;-;Número;
2003;Hombres diputados de Más Madrid en la Asamblea de la Comunidad de Madrid;Otros;;;-;Número;
2003;Mujeres diputadas de Más Madrid en la Asamblea de la Comunidad de Madrid;Otros;;;-;Número;
2003;Mujeres diputadas de Ciudadanos (CS) en la Asamblea de la Comunidad de Madrid;Otros;;;-;Número;
2003;Hombres diputados de Ciudadanos (CS) en la Asamblea de la Comunidad de Madrid;Otros;;;-;Número;
2003;Diputados a elegir para la Asamblea de la Comunidad de Madrid;Otros;;;111;Número;
2003;Mujeres diputadas del resto de partidos en la Asamblea de la Comunidad de Madrid;Otros;;;0;Número;
2003;Diputados de Izquierda Unida (IU) en la Asamblea de la Comunidad de Madrid;Otros;;;9;Número;
2003;Hombres diputados de Izquierda Unida (IU) en la Asamblea de la Comunidad de Madrid;Otros;;;6;Número;
2003;Mujeres diputadas de Izquierda Unida (IU) en la Asamblea de la Comunidad de Madrid;Otros;;;3;Número;
2003;Diputados del Partido Popular (PP) en la Asamblea de la Comunidad de Madrid;Otros;;;57;Número;
2003;Hombres diputados del Partido Popular (PP) en la Asamblea de la Comunidad de Madrid;Otros;;;30;Número;
2003;Mujeres diputadas del Partido Popular (PP) en la Asamblea de la Comunidad de Madrid;Otros;;;27;Número;
2003;Diputados del Partido Socialista Obrero Español (PSOE) en la Asamblea de la Comunidad de Madrid;Otros;;;45;Número;
2003;Hombres diputados del Partido Socialista Obrero Español (PSOE) en la Asamblea de la Comunidad de Madrid;Otros;;;27;Número;
2003;Mujeres diputadas del Partido Socialista Obrero Español (PSOE) en la Asamblea de la Comunidad de Madrid;Otros;;;18;Número;
2003;Diputados del resto de partidos en la Asamblea de la Comunidad de Madrid;Otros;;;0;Número;
2003;Hombres diputados del resto de partidos en la Asamblea de la Comunidad de Madrid;Otros;;;0;Número;
2003;Diputados de Unión Progreso y Democrácia (UPyD) en la Asamblea de Madrid;Otros;;;-;Número;
2003;Hombres diputados de Unión Progreso y Democracia (UPyD) en la Asamblea de Madrid;Otros;;;-;Número;
2003;Mujeres diputadas de Unión Progreso y Democracia (UPyD) en la Asamblea de Madrid;Otros;;;-;Número;
2003;Diputados de Ciudadanos (CS) en la Asamblea de Madrid;Otros;;;-;Número;
2003;Diputados de Podemos en la Asamblea de Madrid;Otros;;;-;Número;
2003;Hombres diputados de Podemos en la Asamblea de la Comunidad de Madrid;Otros;;;-;Número;
2003;Mujeres diputadas de Podemos en la Asamblea de la Comunidad de Madrid;Otros;;;-;Número;
2003;Diputados de Vox en la Asamblea de Madrid;Otros;;;-;Número;
2003;Diputados de Más Madrid en la Asamblea de Madrid;Otros;;;-;Número;
2007;Hombres diputados de Vox en la Asamblea de la Comunidad de Madrid;Otros;;;-;Número;
2007;Mujeres diputadas de Vox en la Asamblea de la Comunidad de Madrid;Otros;;;-;Número;
2007;Diputados de Más Madrid en la Asamblea de Madrid;Otros;;;-;Número;
2007;Hombres diputados de Más Madrid en la Asamblea de la Comunidad de Madrid;Otros;;;-;Número;
2007;Mujeres diputadas de Más Madrid en la Asamblea de la Comunidad de Madrid;Otros;;;-;Número;
2007;Mujeres diputadas de Ciudadanos (CS) en la Asamblea de la Comunidad de Madrid;Otros;;;-;Número;
2007;Hombres diputados de Ciudadanos (CS) en la Asamblea de la Comunidad de Madrid;Otros;;;-;Número;
2007;Diputados a elegir para la Asamblea de la Comunidad de Madrid;Otros;;;120;Número;
2007;Mujeres diputadas del resto de partidos en la Asamblea de la Comunidad de Madrid;Otros;;;0;Número;
2007;Diputados de Izquierda Unida (IU) en la Asamblea de la Comunidad de Madrid;Otros;;;11;Número;
2007;Hombres diputados de Izquierda Unida (IU) en la Asamblea de la Comunidad de Madrid;Otros;;;6;Número;
2007;Mujeres diputadas de Izquierda Unida (IU) en la Asamblea de la Comunidad de Madrid;Otros;;;5;Número;
2007;Diputados del Partido Popular (PP) en la Asamblea de la Comunidad de Madrid;Otros;;;67;Número;
2007;Hombres diputados del Partido Popular (PP) en la Asamblea de la Comunidad de Madrid;Otros;;;30;Número;
2007;Mujeres diputadas del Partido Popular (PP) en la Asamblea de la Comunidad de Madrid;Otros;;;37;Número;
2007;Diputados del Partido Socialista Obrero Español (PSOE) en la Asamblea de la Comunidad de Madrid;Otros;;;42;Número;
2007;Hombres diputados del Partido Socialista Obrero Español (PSOE) en la Asamblea de la Comunidad de Madrid;Otros;;;24;Número;
2007;Mujeres diputadas del Partido Socialista Obrero Español (PSOE) en la Asamblea de la Comunidad de Madrid;Otros;;;18;Número;
2007;Diputados del resto de partidos en la Asamblea de la Comunidad de Madrid;Otros;;;0;Número;
2007;Hombres diputados del resto de partidos en la Asamblea de la Comunidad de Madrid;Otros;;;0;Número;
2007;Diputados de Unión Progreso y Democrácia (UPyD) en la Asamblea de Madrid;Otros;;;-;Número;
2007;Hombres diputados de Unión Progreso y Democracia (UPyD) en la Asamblea de Madrid;Otros;;;-;Número;
2007;Mujeres diputadas de Unión Progreso y Democracia (UPyD) en la Asamblea de Madrid;Otros;;;-;Número;
2007;Diputados de Ciudadanos (CS) en la Asamblea de Madrid;Otros;;;-;Número;
2007;Diputados de Podemos en la Asamblea de Madrid;Otros;;;-;Número;
2007;Hombres diputados de Podemos en la Asamblea de la Comunidad de Madrid;Otros;;;-;Número;
2007;Mujeres diputadas de Podemos en la Asamblea de la Comunidad de Madrid;Otros;;;-;Número;
2007;Diputados de Vox en la Asamblea de Madrid;Otros;;;-;Número;
2011;Hombres diputados de Vox en la Asamblea de la Comunidad de Madrid;Otros;;;-;Número;
2011;Diputados de Vox en la Asamblea de Madrid;Otros;;;-;Número;
2011;Diputados de Más Madrid en la Asamblea de Madrid;Otros;;;-;Número;
2011;Hombres diputados de Más Madrid en la Asamblea de la Comunidad de Madrid;Otros;;;-;Número;
2011;Mujeres diputadas de Más Madrid en la Asamblea de la Comunidad de Madrid;Otros;;;-;Número;
2011;Mujeres diputadas de Ciudadanos (CS) en la Asamblea de la Comunidad de Madrid;Otros;;;-;Número;
2011;Hombres diputados de Ciudadanos (CS) en la Asamblea de la Comunidad de Madrid;Otros;;;-;Número;
2011;Diputados a elegir para la Asamblea de la Comunidad de Madrid;Otros;;;129;Número;
2011;Mujeres diputadas del resto de partidos en la Asamblea de la Comunidad de Madrid;Otros;;;0;Número;
2011;Diputados de Izquierda Unida (IU) en la Asamblea de la Comunidad de Madrid;Otros;;;13;Número;
2011;Hombres diputados de Izquierda Unida (IU) en la Asamblea de la Comunidad de Madrid;Otros;;;6;Número;
2011;Mujeres diputadas de Izquierda Unida (IU) en la Asamblea de la Comunidad de Madrid;Otros;;;7;Número;
2011;Diputados del Partido Popular (PP) en la Asamblea de la Comunidad de Madrid;Otros;;;72;Número;
2011;Hombres diputados del Partido Popular (PP) en la Asamblea de la Comunidad de Madrid;Otros;;;42;Número;
2011;Mujeres diputadas del Partido Popular (PP) en la Asamblea de la Comunidad de Madrid;Otros;;;30;Número;
2011;Diputados del Partido Socialista Obrero Español (PSOE) en la Asamblea de la Comunidad de Madrid;Otros;;;36;Número;
2011;Hombres diputados del Partido Socialista Obrero Español (PSOE) en la Asamblea de la Comunidad de Madrid;Otros;;;18;Número;
2011;Mujeres diputadas del Partido Socialista Obrero Español (PSOE) en la Asamblea de la Comunidad de Madrid;Otros;;;18;Número;
2011;Diputados del resto de partidos en la Asamblea de la Comunidad de Madrid;Otros;;;0;Número;
2011;Hombres diputados del resto de partidos en la Asamblea de la Comunidad de Madrid;Otros;;;0;Número;
2011;Diputados de Unión Progreso y Democrácia (UPyD) en la Asamblea de Madrid;Otros;;;8;Número;
2011;Hombres diputados de Unión Progreso y Democracia (UPyD) en la Asamblea de Madrid;Otros;;;6;Número;
2011;Mujeres diputadas de Unión Progreso y Democracia (UPyD) en la Asamblea de Madrid;Otros;;;2;Número;
2011;Diputados de Ciudadanos (CS) en la Asamblea de Madrid;Otros;;;-;Número;
2011;Diputados de Podemos en la Asamblea de Madrid;Otros;;;-;Número;
2011;Hombres diputados de Podemos en la Asamblea de la Comunidad de Madrid;Otros;;;-;Número;
2011;Mujeres diputadas de Podemos en la Asamblea de la Comunidad de Madrid;Otros;;;-;Número;
2011;Mujeres diputadas de Vox en la Asamblea de la Comunidad de Madrid;Otros;;;-;Número;
2015;Diputados a elegir para la Asamblea de la Comunidad de Madrid;Otros;;;129;Número;
2015;Mujeres diputadas del resto de partidos en la Asamblea de la Comunidad de Madrid;Otros;;;0;Número;
2015;Diputados de Izquierda Unida (IU) en la Asamblea de la Comunidad de Madrid;Otros;;;0;Número;
2015;Hombres diputados de Izquierda Unida (IU) en la Asamblea de la Comunidad de Madrid;Otros;;;0;Número;
2015;Mujeres diputadas de Izquierda Unida (IU) en la Asamblea de la Comunidad de Madrid;Otros;;;0;Número;
2015;Diputados del Partido Popular (PP) en la Asamblea de la Comunidad de Madrid;Otros;;;48;Número;
2015;Hombres diputados del Partido Popular (PP) en la Asamblea de la Comunidad de Madrid;Otros;;;30;Número;
2015;Mujeres diputadas del Partido Popular (PP) en la Asamblea de la Comunidad de Madrid;Otros;;;18;Número;
2015;Diputados del Partido Socialista Obrero Español (PSOE) en la Asamblea de la Comunidad de Madrid;Otros;;;37;Número;
2015;Hombres diputados del Partido Socialista Obrero Español (PSOE) en la Asamblea de la Comunidad de Madrid;Otros;;;19;Número;
2015;Mujeres diputadas del Partido Socialista Obrero Español (PSOE) en la Asamblea de la Comunidad de Madrid;Otros;;;18;Número;
2015;Diputados del resto de partidos en la Asamblea de la Comunidad de Madrid;Otros;;;0;Número;
2015;Hombres diputados del resto de partidos en la Asamblea de la Comunidad de Madrid;Otros;;;0;Número;
2015;Diputados de Unión Progreso y Democrácia (UPyD) en la Asamblea de Madrid;Otros;;;0;Número;
2015;Hombres diputados de Unión Progreso y Democracia (UPyD) en la Asamblea de Madrid;Otros;;;0;Número;
2015;Mujeres diputadas de Unión Progreso y Democracia (UPyD) en la Asamblea de Madrid;Otros;;;0;Número;
2015;Diputados de Podemos en la Asamblea de Madrid;Otros;;;27;Número;
2015;Hombres diputados de Podemos en la Asamblea de la Comunidad de Madrid;Otros;;;14;Número;
2015;Mujeres diputadas de Podemos en la Asamblea de la Comunidad de Madrid;Otros;;;13;Número;
2015;Diputados de Vox en la Asamblea de Madrid;Otros;;;-;Número;
2015;Hombres diputados de Vox en la Asamblea de la Comunidad de Madrid;Otros;;;-;Número;
2015;Mujeres diputadas de Vox en la Asamblea de la Comunidad de Madrid;Otros;;;-;Número;
2015;Diputados de Más Madrid en la Asamblea de Madrid;Otros;;;-;Número;
2015;Hombres diputados de Más Madrid en la Asamblea de la Comunidad de Madrid;Otros;;;-;Número;
2015;Mujeres diputadas de Más Madrid en la Asamblea de la Comunidad de Madrid;Otros;;;-;Número;
2015;Mujeres diputadas de Ciudadanos (CS) en la Asamblea de la Comunidad de Madrid;Otros;;;6;Número;
2015;Diputados de Ciudadanos (CS) en la Asamblea de Madrid;Otros;;;17;Número;
2015;Hombres diputados de Ciudadanos (CS) en la Asamblea de la Comunidad de Madrid;Otros;;;11;Número;
2019;Diputados a elegir para la Asamblea de la Comunidad de Madrid;Otros;;;132;Número;
2019;Hombres diputados de Ciudadanos (CS) en la Asamblea de la Comunidad de Madrid;Otros;;;16;Número;
2019;Diputados de Izquierda Unida (IU) en la Asamblea de la Comunidad de Madrid;Otros;;;-;Número;
2019;Hombres diputados de Izquierda Unida (IU) en la Asamblea de la Comunidad de Madrid;Otros;;;-;Número;
2019;Mujeres diputadas de Izquierda Unida (IU) en la Asamblea de la Comunidad de Madrid;Otros;;;-;Número;
2019;Diputados del Partido Popular (PP) en la Asamblea de la Comunidad de Madrid;Otros;;;30;Número;
2019;Hombres diputados del Partido Popular (PP) en la Asamblea de la Comunidad de Madrid;Otros;;;17;Número;
2019;Mujeres diputadas del Partido Popular (PP) en la Asamblea de la Comunidad de Madrid;Otros;;;13;Número;
2019;Diputados del Partido Socialista Obrero Español (PSOE) en la Asamblea de la Comunidad de Madrid;Otros;;;37;Número;
2019;Hombres diputados del Partido Socialista Obrero Español (PSOE) en la Asamblea de la Comunidad de Madrid;Otros;;;19;Número;
2019;Mujeres diputadas del Partido Socialista Obrero Español (PSOE) en la Asamblea de la Comunidad de Madrid;Otros;;;18;Número;
2019;Diputados del resto de partidos en la Asamblea de la Comunidad de Madrid;Otros;;;0;Número;
2019;Hombres diputados del resto de partidos en la Asamblea de la Comunidad de Madrid;Otros;;;0;Número;
2019;Diputados de Unión Progreso y Democrácia (UPyD) en la Asamblea de Madrid;Otros;;;-;Número;
2019;Hombres diputados de Unión Progreso y Democracia (UPyD) en la Asamblea de Madrid;Otros;;;-;Número;
2019;Mujeres diputadas de Unión Progreso y Democracia (UPyD) en la Asamblea de Madrid;Otros;;;-;Número;
2019;Diputados de Podemos en la Asamblea de Madrid;Otros;;;7;Número;
2019;Hombres diputados de Podemos en la Asamblea de la Comunidad de Madrid;Otros;;;2;Número;
2019;Mujeres diputadas de Podemos en la Asamblea de la Comunidad de Madrid;Otros;;;5;Número;
2019;Diputados de Vox en la Asamblea de Madrid;Otros;;;12;Número;
2019;Hombres diputados de Vox en la Asamblea de la Comunidad de Madrid;Otros;;;7;Número;
2019;Mujeres diputadas de Vox en la Asamblea de la Comunidad de Madrid;Otros;;;5;Número;
2019;Diputados de Más Madrid en la Asamblea de Madrid;Otros;;;20;Número;
2019;Hombres diputados de Más Madrid en la Asamblea de la Comunidad de Madrid;Otros;;;10;Número;
2019;Mujeres diputadas de Más Madrid en la Asamblea de la Comunidad de Madrid;Otros;;;10;Número;
2019;Mujeres diputadas de Ciudadanos (CS) en la Asamblea de la Comunidad de Madrid;Otros;;;10;Número;
2019;Diputados de Ciudadanos (CS) en la Asamblea de Madrid;Otros;;;26;Número;
2019;Mujeres diputadas del resto de partidos en la Asamblea de la Comunidad de Madrid;Otros;;;0;Número;
2021;Hombres diputados de Ciudadanos (CS) en la Asamblea de la Comunidad de Madrid;Otros;;;0;Número;
2021;Hombres diputados de Izquierda Unida (IU) en la Asamblea de la Comunidad de Madrid;Otros;;;-;Número;
2021;Diputados de Ciudadanos (CS) en la Asamblea de Madrid;Otros;;;0;Número;
2021;Hombres diputados del Partido Popular (PP) en la Asamblea de la Comunidad de Madrid;Otros;;;36;Número;
2021;Mujeres diputadas de Ciudadanos (CS) en la Asamblea de la Comunidad de Madrid;Otros;;;0;Número;
2021;Hombres diputados del resto de partidos en la Asamblea de la Comunidad de Madrid;Otros;;;0;Número;
2021;Mujeres diputadas de Más Madrid en la Asamblea de la Comunidad de Madrid;Otros;;;12;Número;
2021;Mujeres diputadas del resto de partidos en la Asamblea de la Comunidad de Madrid;Otros;;;0;Número;
2021;Hombres diputados de Más Madrid en la Asamblea de la Comunidad de Madrid;Otros;;;12;Número;
2021;Diputados del resto de partidos en la Asamblea de la Comunidad de Madrid;Otros;;;0;Número;
2021;Diputados de Más Madrid en la Asamblea de Madrid;Otros;;;24;Número;
2021;Diputados del Partido Popular (PP) en la Asamblea de la Comunidad de Madrid;Otros;;;65;Número;
2021;Mujeres diputadas de Vox en la Asamblea de la Comunidad de Madrid;Otros;;;4;Número;
2021;Mujeres diputadas del Partido Socialista Obrero Español (PSOE) en la Asamblea de la Comunidad de Madrid;Otros;;;13;Número;
2021;Hombres diputados de Vox en la Asamblea de la Comunidad de Madrid;Otros;;;9;Número;
2021;Diputados de Izquierda Unida (IU) en la Asamblea de la Comunidad de Madrid;Otros;;;-;Número;
2021;Diputados de Vox en la Asamblea de Madrid;Otros;;;13;Número;
2021;Hombres diputados del Partido Socialista Obrero Español (PSOE) en la Asamblea de la Comunidad de Madrid;Otros;;;11;Número;
2021;Mujeres diputadas de Podemos en la Asamblea de la Comunidad de Madrid;Otros;;;6;Número;
2021;Mujeres diputadas de Izquierda Unida (IU) en la Asamblea de la Comunidad de Madrid;Otros;;;-;Número;
2021;Hombres diputados de Podemos en la Asamblea de la Comunidad de Madrid;Otros;;;4;Número;
2021;Diputados del Partido Socialista Obrero Español (PSOE) en la Asamblea de la Comunidad de Madrid;Otros;;;24;Número;
2021;Diputados de Podemos en la Asamblea de Madrid;Otros;;;10;Número;
2021;Diputados a elegir para la Asamblea de la Comunidad de Madrid;Otros;;;136;Número;
2021;Mujeres diputadas de Unión Progreso y Democracia (UPyD) en la Asamblea de Madrid;Otros;;;-;Número;
2021;Mujeres diputadas del Partido Popular (PP) en la Asamblea de la Comunidad de Madrid;Otros;;;29;Número;
2021;Hombres diputados de Unión Progreso y Democracia (UPyD) en la Asamblea de Madrid;Otros;;;-;Número;
2021;Diputados de Unión Progreso y Democrácia (UPyD) en la Asamblea de Madrid;Otros;;;-;Número;
2023;Diputados de Ciudadanos (CS) en la Asamblea de Madrid;Otros;;;-;Número;
2023;Mujeres diputadas de Ciudadanos (CS) en la Asamblea de la Comunidad de Madrid;Otros;;;-;Número;
2023;Mujeres diputadas de Más Madrid en la Asamblea de la Comunidad de Madrid;Otros;;;15;Número;
2023;Hombres diputados de Más Madrid en la Asamblea de la Comunidad de Madrid;Otros;;;12;Número;
2023;Diputados de Más Madrid en la Asamblea de Madrid;Otros;;;27;Número;
2023;Mujeres diputadas de Vox en la Asamblea de la Comunidad de Madrid;Otros;;;5;Número;
2023;Hombres diputados de Vox en la Asamblea de la Comunidad de Madrid;Otros;;;6;Número;
2023;Diputados de Vox en la Asamblea de Madrid;Otros;;;11;Número;
2023;Mujeres diputadas de Podemos en la Asamblea de la Comunidad de Madrid;Otros;;;-;Número;
2023;Hombres diputados de Podemos en la Asamblea de la Comunidad de Madrid;Otros;;;-;Número;
2023;Diputados de Podemos en la Asamblea de Madrid;Otros;;;-;Número;
2023;Mujeres diputadas de Unión Progreso y Democracia (UPyD) en la Asamblea de Madrid;Otros;;;-;Número;
2023;Hombres diputados de Unión Progreso y Democracia (UPyD) en la Asamblea de Madrid;Otros;;;-;Número;
2023;Diputados de Unión Progreso y Democrácia (UPyD) en la Asamblea de Madrid;Otros;;;-;Número;
2023;Hombres diputados del resto de partidos en la Asamblea de la Comunidad de Madrid;Otros;;;-;Número;
2023;Diputados del resto de partidos en la Asamblea de la Comunidad de Madrid;Otros;;;-;Número;
2023;Mujeres diputadas del Partido Socialista Obrero Español (PSOE) en la Asamblea de la Comunidad de Madrid;Otros;;;13;Número;
2023;Hombres diputados del Partido Socialista Obrero Español (PSOE) en la Asamblea de la Comunidad de Madrid;Otros;;;14;Número;
2023;Diputados del Partido Socialista Obrero Español (PSOE) en la Asamblea de la Comunidad de Madrid;Otros;;;27;Número;
2023;Mujeres diputadas del Partido Popular (PP) en la Asamblea de la Comunidad de Madrid;Otros;;;29;Número;
2023;Hombres diputados del Partido Popular (PP) en la Asamblea de la Comunidad de Madrid;Otros;;;41;Número;
2023;Diputados del Partido Popular (PP) en la Asamblea de la Comunidad de Madrid;Otros;;;70;Número;
2023;Mujeres diputadas de Izquierda Unida (IU) en la Asamblea de la Comunidad de Madrid;Otros;;;-;Número;
2023;Hombres diputados de Izquierda Unida (IU) en la Asamblea de la Comunidad de Madrid;Otros;;;-;Número;
2023;Diputados de Izquierda Unida (IU) en la Asamblea de la Comunidad de Madrid;Otros;;;-;Número;
2023;Mujeres diputadas del resto de partidos en la Asamblea de la Comunidad de Madrid;Otros;;;-;Número;
2023;Hombres diputados de Ciudadanos (CS) en la Asamblea de la Comunidad de Madrid;Otros;;;-;Número;
2023;Diputados a elegir para la Asamblea de la Comunidad de Madrid;Otros;;;135;Número;
