Nombre,Primer Apellido,Segundo Apellido,Grupo Parlamentario
José Ignacio,Arias,Moreno,Grupo Parlamentario VOX en Madrid
Mariano,Calabuig,Martínez,Grupo Parlamentario VOX en Madrid
Ana María,Cuartero,Lorenzo,Grupo Parlamentario VOX en Madrid
Jorge Arturo,Cutillas,Cordón,Grupo Parlamentario VOX en Madrid
Jaime María,de Berenguer,de Santiago,Grupo Parlamentario VOX en Madrid
Pablo,Gutiérrez de Cabiedes,Hidalgo de Caviedes,Grupo Parlamentario VOX en Madrid
Íñigo,Henríquez de Luna,Losada,Grupo Parlamentario VOX en Madrid
Gádor Pilar,Joya,Verde,Grupo Parlamentario VOX en Madrid
Rocío,Monasterio,San Martín,Grupo Parlamentario VOX en Madrid
Javier,Pérez,Gallardo,Grupo Parlamentario VOX en Madrid
Alicia Verónica,Rubio,Calle,Grupo Parlamentario VOX en Madrid
José Luis,Ruiz,Bartolomé,Grupo Parlamentario VOX en Madrid


Legislatura,Condición,Grupo Parlamentario
Legislatura XI,Activos - Bajas,Grupo Parlamentario Vox en Madrid (leg. XI)
