Legislatura;Nombre;Circunscripcion;Formacion;FechaCondicionPlena;FechaAlta;FechaBaja;GrupoParlamentario;Biografia;Estado
13;Abascal Conde, Santiago;Madrid;Vox;21/05/2019;14/05/2019;03/12/2019;Grupo Parlamentario VOX;Casado. Cuatro hijos.   Presidente de VOX  Licenciado en Sociología;Causó baja
13;Chamorro Delmo, Ricardo;Ciudad Real;Vox;21/05/2019;17/05/2019;24/09/2019;Grupo Parlamentario VOX;Casado. Tres hijos.  Licenciado en Derecho por la Universidad de Navarra.  Abogado. Especializado en Derecho Privado por el Consejo General del Notariado.  Certificado por AENOR como Delegado de Protección de Datos;Causó baja
13;Contestí Rosselló, Magdalena Margarita;Balears (Illes);Vox;21/05/2019;17/05/2019;24/09/2019;Grupo Parlamentario VOX;Licenciada en Derecho por la Universidad de ESADE.  Máster en Derecho Civil por la Universidad de ESADE.  Postgrado en Derecho Inmobiliario por la Universidad Pompeu Fabra.  Postgrado en Derecho Urbanístico y Reedificación por la Universidad Pompeu Fabra.;Causó baja
13;De Meer Méndez, Rocío;Almería;Vox;21/05/2019;16/05/2019;24/09/2019;Grupo Parlamentario VOX;Licenciada en Derecho por la Universidad Complutense de Madrid;Causó baja
13;Espinosa de los Monteros de Simón, Iván;Madrid;Vox;21/05/2019;16/05/2019;03/12/2019;Grupo Parlamentario VOX;Casado, cuatro hijos.  Licenciado en Ciencias Económicas y Empresariales por ICADE  MBA por Kellogg School of Management (Northwestern Unversity)  Trabajó en Arthur Andersen, Schroder Salomon Smith Barney y McKinsey & Co.  Cofundador de VOX.  Vicesecretario de Relaciones Internacionales.;Causó baja
13;Esteban Calonje, Cristina Alicia;Valencia/València;Vox;21/05/2019;16/05/2019;24/09/2019;Grupo Parlamentario VOX;Madre de dos hijos.  Estudios en Geografía e Historia.  2007-2019 Experiencia internacional de doce años en Banca (gestión de fondos de inversión inmobiliaria y de activos inmobiliarios)  2001-2007 Consultoría y gestión inmobiliaria.  Habla inglés, alemán y mallorquín;Causó baja
13;Fernández Hernández, Pedro;Zaragoza;Vox;21/05/2019;17/05/2019;24/09/2019;Grupo Parlamentario VOX;Casado, un hijo.  Licenciado en Derecho. Abogado  Concejal del Ayuntamiento de Madrid.;Causó baja
13;Figaredo Álvarez-Sala, José María;Asturias;Vox;21/05/2019;16/05/2019;03/12/2019;Grupo Parlamentario VOX;Licenciado en Derecho en 2011.   Licenciado en ADE en 2012;Causó baja
13;Garriga Vaz de Concicao, Ignacio;Barcelona;Vox;21/05/2019;17/05/2019;03/12/2019;Grupo Parlamentario VOX;Casado. Padre de familia numerosa  Licenciado en Odontología  Odontólogo. Dirección médica, práctica privada  Portavoz del Comité Ejecutivo Nacional;Causó baja
13;Gil Lázaro, Ignacio;Valencia/València;Vox;21/05/2019;17/05/2019;03/12/2019;Grupo Parlamentario VOX;Casado. Cuatro hijos.  Licenciado en Derecho.   Senador en la IV Legislatura.  Secretario Tercero, Primero y Vicepresidente Cuarto de la Mesa del Congreso.  Miembro de la Asamblea Parlamentaria del Consejo de Europa y Presidente de la Delegación Española en la UIP.   Posee la Gran Cruz del Mérito Civil y la Gran Cruz de Isabel La Católica;Causó baja
13;Mariscal Zabala, Manuel;Toledo;Vox;21/05/2019;16/05/2019;24/09/2019;Grupo Parlamentario VOX;Graduado en Periodismo y Máster en Estudios Avanzados en Comunicación Política por la Universidad Complutense de Madrid.  Vicesecretario de Comunicación de VOX;Causó baja
13;Méndez Monasterio, Lourdes;Murcia;Vox;21/05/2019;09/05/2019;24/09/2019;Grupo Parlamentario VOX;"Casada. Seis hijos. 
Doctora en Derecho. Máster urbanismo ENAE Business School. Programa de liderazgo para la gestión pública IESE Business School. Programa PEGP IE Business School. Abogada Rotal. Presidenta Nación, Familia y Dignidad Humana. Perteneciente al grupo de expertos de la Federación One of Us. 
Concejal en el Ayuntameinto de San Javier (Murcia).  Diputada autonómica (Murcia). Consejera de Trabajo y Política Social de la Región de Murcia.";Causó baja
13;Mestre Barea, Manuel;Alicante/Alacant;Vox;21/05/2019;17/05/2019;24/09/2019;Grupo Parlamentario VOX;Viudo. Dos hijos.  Graduado Teniente del Ejército del Aire en 1975.  Diplomado de Estado Mayor, Escuela Superior de las Fuerzas Armadas.  Diplomado Air War College, Air University, Maxwel, Alb, USA.  Máster en Relaciones Internacionales, Air University, USA.  Jefe del Mando Aéreo de Canarias.  Jefe del Mando de personal del Ejército del Aire.  Jefe del Estado Mayo del Comando Conjunto de la OTAN - Lisboa;Causó baja
13;Olona Choclán, Macarena;Granada;Vox;21/05/2019;08/05/2019;03/12/2019;Grupo Parlamentario VOX;Licenciada en Derecho, Universidad Pública de Alicante  Premio Extraordinario  Abogado del Estado.;Causó baja
13;Ortega Smith-Molina, Francisco Javier;Madrid;Vox;21/05/2019;16/05/2019;03/12/2019;Grupo Parlamentario VOX;Soltero.  Abogado ejerciente Colegio de Madrid.  Secretario General de VOX;Causó baja
13;Ramírez del Río, José;Córdoba;Vox;21/05/2019;17/05/2019;24/09/2019;Grupo Parlamentario VOX;Casado y padre de dos hijos.  Licenciado y Doctor en Filología (especialidad árabe) por la Universidad de Sevilla.  Profesor titular de universidad. Universidad de Córdoba desde el 2007.  Secretario de la Directiva Provincial de VOX	en Córdoba.  Candidato de VOX en diferentes elecciones (2015-2019)  Académico correspondiente de la Real Academia de Córdoba  Premio de Investigación Abd al-Aziz Saud al-Babtayn (UGR) 2012;Causó baja
13;Robles López, Joaquín;Murcia;Vox;21/05/2019;16/05/2019;24/09/2019;Grupo Parlamentario VOX;Licenciado en Filosofía.  Profesor de Educación Secundaria;Causó baja
13;Romero Vilches, María de los Reyes;Sevilla;Vox;21/05/2019;17/05/2019;24/09/2019;Grupo Parlamentario VOX;Casada, madre de familia numerosa (cuatro hijos).   BUP.  Comercial  Vicepresidenta de VOX en Sevilla;Causó baja
13;Rosety Fernández de Castro, Agustín;Cádiz;Vox;21/05/2019;17/05/2019;24/09/2019;Grupo Parlamentario VOX;Casado, dos hijos y cinco nietos  General de Brigada, Cuerpo de Infantería de Marina (retirado)  Diplomado de Estado Mayor, Diplomado de Operaciones Especiales, especialista en Artillería, cazador paracaidista.  Licenciado en Derecho y Magister en Historia Contemporánea.  Comandante de Tropas, ha mandado entre otras la Unidad de Operaciones Especiales, Jefe de EM Brigada 12º Jefe.  Ha sido consejero técnico en el MD. Jefe de Gabinete de la Dig. Política de Defensa, SDG de tropa y marinería y 2º COMGESM.  Académico de número de la Real Academia Hispanoamericana;Causó baja
13;Rueda Perelló, Patricia;Málaga;Vox;21/05/2019;17/05/2019;03/12/2019;Grupo Parlamentario VOX;Casada  Máster en Dirección de Empresas. Escuela de Organización  Industrial Executive MBA  Licenciatura en Publicidad y Relaciones Públicas.  Diplomatura en Educación Infantil;Causó baja
13;Ruiz Solás, María de la Cabeza;Madrid;Vox;21/05/2019;16/05/2019;24/09/2019;Grupo Parlamentario VOX;Licenciada en Periodismo.  Concejal del Ayuntamiento de Villaviciosa de Odón;Causó baja
13;Sáez Alonso-Muñumer, Pablo;Valladolid;Vox;21/05/2019;16/05/2019;24/09/2019;Grupo Parlamentario VOX;Casado con dos hijos.  Licenciado en Ciencias Económicas y Empresariales (Económicas)  Auditor Censor Jurado de Cuentas.  Máster en Derecho Tributario y Asesoría Fiscal, CEREM  Programa de Desarrollo Directivo (PDD), IESE.  Miembro de VOX desde su fundación en 2014.  Miembro del Comité Ejecutivo Nacional y Vicesecretario Nacional del Consejo Político.  Experiencia financiera y directiva de 29 años en prestigiosas empresas multinacionales líderes en los sectores de servicios profesionales y correduría de seguros;Causó baja
13;Sánchez del Real, Víctor Manuel;Badajoz;Vox;21/05/2019;16/05/2019;03/12/2019;Grupo Parlamentario VOX;Casado y padre de cuatro hijos.  Licenciado en Ciencias de la Información (UCM)  Máster ICADE, PDD IESE, cursando Programa Directo MIT-SLOAN de Boston  Empresario y consultor de empresas de comunicación, profesor universitario y de post-grado;Causó baja
13;Toscano de Balbín, Carla;Madrid;Vox;21/05/2019;17/05/2019;03/12/2019;Grupo Parlamentario VOX;Licenciatura en Derecho.  Máster en Lingüística Aplicada a la enseñanza del español.  Especialista en Ayuda Humanitaria;Causó baja
