fichero,estado,n
andalucia_1982_may_cand0.txt,texto vacio (PDF escaneado),0
andalucia_1986_jun_cand0.txt,texto vacio (PDF escaneado),0
andalucia_1986_jun_cand1.txt,texto vacio (PDF escaneado),0
andalucia_1986_jun_cand2.txt,texto vacio (PDF escaneado),0
andalucia_1990_jun_cand0.txt,texto vacio (PDF escaneado),0
andalucia_1990_jun_cand1.txt,texto vacio (PDF escaneado),0
andalucia_1994_jun_cand0.txt,5 listas,149
andalucia_1994_jun_cand1.txt,0 listas,0
andalucia_1994_jun_cand2.txt,0 listas,0
andalucia_1996_mar_cand0.txt,2 listas,24
andalucia_2000_mar_cand0.txt,1 listas,12
andalucia_2004_mar_cand0.txt,1 listas,12
andalucia_2008_mar_cand0.txt,1 listas,12
andalucia_2008_mar_cand1.txt,1 listas,13
andalucia_2012_mar_cand0.txt,2 listas,24
aragon_1983_may_cand0.txt,0 listas,0
aragon_1987_jun_cand0.txt,0 listas,0
aragon_1987_jun_cand1.txt,0 listas,0
aragon_1987_jun_cand2.txt,0 listas,0
aragon_1991_may_cand0.txt,0 listas,0
aragon_1991_may_cand1.txt,0 listas,0
aragon_1991_may_cand2.txt,0 listas,0
aragon_1991_may_cand3.txt,0 listas,0
aragon_1995_may_cand0.txt,0 listas,0
aragon_1995_may_cand1.txt,0 listas,0
aragon_1995_may_cand2.txt,0 listas,0
aragon_1995_may_cand3.txt,0 listas,0
aragon_1999_jun_cand0.txt,0 listas,0
aragon_1999_jun_cand1.txt,0 listas,0
aragon_1999_jun_cand2.txt,0 listas,0
aragon_1999_jun_cand3.txt,0 listas,0
aragon_2003_may_cand0.txt,0 listas,0
aragon_2003_may_cand1.txt,0 listas,0
aragon_2003_may_cand2.txt,0 listas,0
aragon_2007_may_cand0.txt,0 listas,0
aragon_2007_may_cand1.txt,0 listas,0
aragon_2007_may_cand2.txt,0 listas,0
aragon_2007_may_cand3.txt,0 listas,0
aragon_2011_may_cand0.txt,0 listas,0
aragon_2011_may_cand1.txt,0 listas,0
aragon_2011_may_cand2.txt,0 listas,0
asturias_1983_may_cand0.txt,texto vacio (PDF escaneado),0
asturias_1987_jun_cand0.txt,texto vacio (PDF escaneado),0
asturias_1991_may_cand0.txt,texto vacio (PDF escaneado),0
asturias_1991_may_cand1.txt,0 listas,0
asturias_1995_may_cand0.txt,0 listas,0
asturias_1999_jun_cand0.txt,texto vacio (PDF escaneado),0
asturias_2003_may_cand0.txt,0 listas,0
asturias_2007_may_cand0.txt,0 listas,0
asturias_2011_may_cand0.txt,0 listas,0
asturias_2012_mar_cand0.txt,0 listas,0
asturias_2012_mar_cand1.txt,0 listas,0
baleares_1983_may_cand0.txt,0 listas,0
baleares_1987_jun_cand0.txt,0 listas,0
baleares_1991_may_cand0.txt,0 listas,0
baleares_1991_may_cand1.txt,0 listas,0
baleares_1995_may_cand0.txt,0 listas,0
baleares_1999_jun_cand0.txt,0 listas,0
baleares_1999_jun_cand1.txt,0 listas,0
baleares_1999_jun_cand2.txt,0 listas,0
baleares_2003_may_cand0.txt,0 listas,0
baleares_2007_may_cand0.txt,1 listas,12
baleares_2011_may_cand0.txt,1 listas,66
baleares_2011_may_cand1.txt,0 listas,0
baleares_2011_may_cand2.txt,0 listas,0
baleares_2011_may_cand3.txt,0 listas,0
canarias_1983_may_cand0.txt,texto vacio (PDF escaneado),0
canarias_1983_may_cand1.txt,texto vacio (PDF escaneado),0
canarias_1987_jun_cand0.txt,texto vacio (PDF escaneado),0
canarias_1987_jun_cand1.txt,texto vacio (PDF escaneado),0
canarias_1991_may_cand0.txt,texto vacio (PDF escaneado),0
canarias_1991_may_cand1.txt,texto vacio (PDF escaneado),0
canarias_1991_may_cand2.txt,texto vacio (PDF escaneado),0
canarias_1991_may_cand3.txt,texto vacio (PDF escaneado),0
canarias_1995_may_cand0.txt,texto vacio (PDF escaneado),0
canarias_1995_may_cand1.txt,0 listas,0
canarias_1995_may_cand2.txt,texto vacio (PDF escaneado),0
canarias_1995_may_cand3.txt,texto vacio (PDF escaneado),0
canarias_1995_may_cand4.txt,texto vacio (PDF escaneado),0
canarias_1999_jun_cand0.txt,texto vacio (PDF escaneado),0
canarias_1999_jun_cand1.txt,texto vacio (PDF escaneado),0
canarias_2003_may_cand0.txt,0 listas,0
canarias_2003_may_cand1.txt,1 listas,7
canarias_2007_may_cand0.txt,0 listas,0
canarias_2007_may_cand1.txt,2 listas,30
canarias_2007_may_cand2.txt,0 listas,0
canarias_2007_may_cand3.txt,0 listas,0
canarias_2007_may_cand4.txt,0 listas,0
canarias_2011_may_cand0.txt,1 listas,34
canarias_2011_may_cand1.txt,0 listas,0
canarias_2011_may_cand2.txt,0 listas,0
canarias_2011_may_cand3.txt,0 listas,0
canarias_2011_may_cand4.txt,0 listas,0
cantabria_1983_may_cand0.txt,0 listas,0
cantabria_1987_jun_cand0.txt,0 listas,0
cantabria_1987_jun_cand1.txt,0 listas,0
cantabria_1991_may_cand0.txt,0 listas,0
cantabria_1999_jun_cand0.txt,2 listas,78
cantabria_2003_may_cand0.txt,0 listas,0
cantabria_2007_may_cand0.txt,1 listas,44
cantabria_2007_may_cand1.txt,0 listas,0
cantabria_2011_may_cand0.txt,0 listas,0
castilla-lamancha_1983_may_cand0.txt,texto vacio (PDF escaneado),0
castilla-lamancha_1987_jun_cand0.txt,texto vacio (PDF escaneado),0
castilla-lamancha_1991_may_cand0.txt,texto vacio (PDF escaneado),0
castilla-lamancha_1991_may_cand1.txt,texto vacio (PDF escaneado),0
castilla-lamancha_1991_may_cand2.txt,texto vacio (PDF escaneado),0
castilla-lamancha_1991_may_cand3.txt,texto vacio (PDF escaneado),0
castilla-lamancha_1991_may_cand4.txt,texto vacio (PDF escaneado),0
castilla-lamancha_1995_may_cand0.txt,texto vacio (PDF escaneado),0
castilla-lamancha_1995_may_cand1.txt,texto vacio (PDF escaneado),0
castilla-lamancha_1995_may_cand2.txt,texto vacio (PDF escaneado),0
castilla-lamancha_1995_may_cand3.txt,texto vacio (PDF escaneado),0
castilla-lamancha_1995_may_cand4.txt,texto vacio (PDF escaneado),0
castilla-lamancha_1999_jun_cand0.txt,texto vacio (PDF escaneado),0
castilla-lamancha_1999_jun_cand1.txt,texto vacio (PDF escaneado),0
castilla-lamancha_1999_jun_cand2.txt,texto vacio (PDF escaneado),0
castilla-lamancha_1999_jun_cand3.txt,texto vacio (PDF escaneado),0
castilla-lamancha_1999_jun_cand4.txt,texto vacio (PDF escaneado),0
castilla-lamancha_2003_may_cand0.txt,texto vacio (PDF escaneado),0
castilla-lamancha_2003_may_cand1.txt,texto vacio (PDF escaneado),0
castilla-lamancha_2003_may_cand2.txt,texto vacio (PDF escaneado),0
castilla-lamancha_2003_may_cand3.txt,texto vacio (PDF escaneado),0
castilla-lamancha_2003_may_cand4.txt,texto vacio (PDF escaneado),0
castilla-lamancha_2003_may_cand5.txt,texto vacio (PDF escaneado),0
castilla-lamancha_2007_may_cand0.txt,texto vacio (PDF escaneado),0
castilla-lamancha_2007_may_cand1.txt,texto vacio (PDF escaneado),0
castilla-lamancha_2007_may_cand2.txt,texto vacio (PDF escaneado),0
castilla-lamancha_2007_may_cand3.txt,texto vacio (PDF escaneado),0
castilla-lamancha_2007_may_cand4.txt,texto vacio (PDF escaneado),0
castilla-lamancha_2011_may_cand0.txt,0 listas,0
castilla-lamancha_2011_may_cand1.txt,0 listas,0
castilla-lamancha_2011_may_cand2.txt,0 listas,0
castilla-lamancha_2011_may_cand3.txt,0 listas,0
castilla-lamancha_2011_may_cand4.txt,0 listas,0
castillayleon_1983_may_cand0.txt,0 listas,0
castillayleon_1987_jun_cand0.txt,1 listas,7
castillayleon_1991_may_cand0.txt,1 listas,7
castillayleon_1991_may_cand1.txt,0 listas,0
castillayleon_1991_may_cand2.txt,0 listas,0
castillayleon_1995_may_cand0.txt,texto vacio (PDF escaneado),0
castillayleon_1999_jun_cand0.txt,2 listas,270
castillayleon_1999_jun_cand1.txt,0 listas,0
castillayleon_2003_may_cand0.txt,3 listas,945
castillayleon_2003_may_cand1.txt,0 listas,0
castillayleon_2007_may_cand0.txt,4 listas,116
castillayleon_2011_may_cand0.txt,0 listas,0
castillayleon_2011_may_cand1.txt,0 listas,0
catalunya_1980_mar_cand0.txt,texto vacio (PDF escaneado),0
catalunya_1984_abr_cand0.txt,texto vacio (PDF escaneado),0
catalunya_1984_abr_cand1.txt,texto vacio (PDF escaneado),0
catalunya_1988_may_cand0.txt,texto vacio (PDF escaneado),0
catalunya_1988_may_cand1.txt,texto vacio (PDF escaneado),0
catalunya_1988_may_cand2.txt,texto vacio (PDF escaneado),0
catalunya_1988_may_cand3.txt,texto vacio (PDF escaneado),0
catalunya_1992_mar_cand0.txt,texto vacio (PDF escaneado),0
catalunya_1992_mar_cand1.txt,texto vacio (PDF escaneado),0
catalunya_1992_mar_cand2.txt,texto vacio (PDF escaneado),0
catalunya_1992_mar_cand3.txt,texto vacio (PDF escaneado),0
catalunya_1992_mar_cand4.txt,texto vacio (PDF escaneado),0
catalunya_1992_mar_cand5.txt,texto vacio (PDF escaneado),0
catalunya_1995_nov_cand0.txt,texto vacio (PDF escaneado),0
catalunya_1995_nov_cand1.txt,texto vacio (PDF escaneado),0
catalunya_1995_nov_cand2.txt,texto vacio (PDF escaneado),0
catalunya_1995_nov_cand3.txt,texto vacio (PDF escaneado),0
catalunya_1995_nov_cand4.txt,texto vacio (PDF escaneado),0
catalunya_1999_oct_cand0.txt,0 listas,0
catalunya_1999_oct_cand1.txt,0 listas,0
catalunya_1999_oct_cand2.txt,0 listas,0
catalunya_1999_oct_cand3.txt,0 listas,0
catalunya_1999_oct_cand4.txt,0 listas,0
catalunya_2003_nov_cand0.txt,0 listas,0
catalunya_2003_nov_cand1.txt,0 listas,0
catalunya_2003_nov_cand2.txt,1 listas,10
catalunya_2003_nov_cand3.txt,1 listas,36
catalunya_2003_nov_cand4.txt,0 listas,0
catalunya_2006_nov_cand0.txt,0 listas,0
catalunya_2006_nov_cand1.txt,1 listas,18
catalunya_2006_nov_cand2.txt,0 listas,0
catalunya_2006_nov_cand3.txt,1 listas,39
catalunya_2006_nov_cand4.txt,0 listas,0
catalunya_2010_nov_cand0.txt,3 listas,255
catalunya_2010_nov_cand1.txt,3 listas,51
catalunya_2010_nov_cand2.txt,3 listas,45
catalunya_2010_nov_cand3.txt,0 listas,0
catalunya_2010_nov_cand4.txt,3 listas,54
catalunya_2012_nov_cand0.txt,3 listas,202
catalunya_2012_nov_cand1.txt,2 listas,34
catalunya_2012_nov_cand2.txt,0 listas,0
catalunya_2012_nov_cand3.txt,1 listas,15
catalunya_2012_nov_cand4.txt,2 listas,36
ceuta_1995_may_cand0.txt,texto vacio (PDF escaneado),0
ceuta_1995_may_cand1.txt,texto vacio (PDF escaneado),0
ceuta_1999_jun_cand0.txt,1 listas,25
ceuta_2003_may_cand0.txt,0 listas,0
ceuta_2007_may_cand0.txt,0 listas,0
ceuta_2007_may_cand1.txt,0 listas,0
ceuta_2007_may_cand2.txt,0 listas,0
ceuta_2011_may_cand0.txt,1 listas,25
extremadura_1983_may_cand0.txt,texto vacio (PDF escaneado),0
extremadura_1987_jun_cand0.txt,texto vacio (PDF escaneado),0
extremadura_1987_jun_cand1.txt,texto vacio (PDF escaneado),0
extremadura_1987_jun_cand2.txt,texto vacio (PDF escaneado),0
extremadura_1987_jun_cand3.txt,texto vacio (PDF escaneado),0
extremadura_1987_jun_cand4.txt,texto vacio (PDF escaneado),0
extremadura_1991_may_cand0.txt,texto vacio (PDF escaneado),0
extremadura_1991_may_cand1.txt,texto vacio (PDF escaneado),0
extremadura_1991_may_cand2.txt,texto vacio (PDF escaneado),0
extremadura_1995_may_cand0.txt,0 listas,0
extremadura_1995_may_cand1.txt,0 listas,0
extremadura_1995_may_cand2.txt,0 listas,0
extremadura_1999_jun_cand0.txt,0 listas,0
extremadura_1999_jun_cand1.txt,0 listas,0
extremadura_2003_may_cand0.txt,0 listas,0
extremadura_2003_may_cand1.txt,0 listas,0
extremadura_2007_may_cand0.txt,0 listas,0
extremadura_2007_may_cand1.txt,0 listas,0
extremadura_2011_may_cand0.txt,0 listas,0
extremadura_2011_may_cand1.txt,0 listas,0
galicia_1981_oct_cand0.txt,texto vacio (PDF escaneado),0
galicia_1985_nov_cand0.txt,texto vacio (PDF escaneado),0
galicia_1989_dic_cand0.txt,texto vacio (PDF escaneado),0
galicia_1989_dic_cand1.txt,texto vacio (PDF escaneado),0
galicia_1993_oct_cand0.txt,texto vacio (PDF escaneado),0
galicia_1997_oct_cand0.txt,0 listas,0
galicia_1997_oct_cand1.txt,0 listas,0
galicia_2001_oct_cand0.txt,0 listas,0
galicia_2005_jun_cand0.txt,0 listas,0
galicia_2009_mar_cand0.txt,3 listas,73
galicia_2009_mar_cand1.txt,0 listas,0
galicia_2012_oct_cand0.txt,4 listas,99
galicia_2012_oct_cand1.txt,0 listas,0
madrid_1983_may_cand0.txt,0 listas,0
madrid_1987_jun_cand0.txt,0 listas,0
madrid_1991_may_cand0.txt,0 listas,0
madrid_1995_may_cand0.txt,1 listas,275
madrid_1995_may_cand1.txt,0 listas,0
madrid_1999_jun_cand0.txt,2 listas,204
madrid_2003_may_cand0.txt,3 listas,444
madrid_2003_oct_cand0.txt,3 listas,444
madrid_2007_may_cand0.txt,2 listas,240
madrid_2011_may_cand0.txt,3 listas,387
melilla_2003_may_cand0.txt,0 listas,0
melilla_2007_may_cand0.txt,0 listas,0
melilla_2011_may_cand0.txt,1 listas,25
murcia_1983_may_cand0.txt,texto vacio (PDF escaneado),0
murcia_1987_jun_cand0.txt,0 listas,0
murcia_1991_may_cand0.txt,texto vacio (PDF escaneado),0
murcia_1991_may_cand1.txt,0 listas,0
murcia_1995_may_cand0.txt,0 listas,0
murcia_1999_jun_cand0.txt,1 listas,15
murcia_2003_may_cand0.txt,0 listas,0
murcia_2007_may_cand0.txt,1 listas,35
murcia_2011_may_cand0.txt,2 listas,44
navarra_1979_abr_cand0.txt,texto vacio (PDF escaneado),0
navarra_1979_abr_cand1.txt,texto vacio (PDF escaneado),0
navarra_1979_abr_cand2.txt,texto vacio (PDF escaneado),0
navarra_1979_abr_cand3.txt,texto vacio (PDF escaneado),0
navarra_1979_abr_cand4.txt,texto vacio (PDF escaneado),0
navarra_1983_may_cand0.txt,texto vacio (PDF escaneado),0
navarra_1987_jun_cand0.txt,texto vacio (PDF escaneado),0
navarra_1991_may_cand0.txt,texto vacio (PDF escaneado),0
navarra_1995_may_cand0.txt,texto vacio (PDF escaneado),0
navarra_1999_jun_cand0.txt,1 listas,50
navarra_2003_may_cand0.txt,1 listas,72
navarra_2007_may_cand0.txt,1 listas,50
navarra_2011_may_cand0.txt,1 listas,100
paisvasco_1980_mar_cand0.txt,texto vacio (PDF escaneado),0
paisvasco_1980_mar_cand1.txt,texto vacio (PDF escaneado),0
paisvasco_1980_mar_cand2.txt,texto vacio (PDF escaneado),0
paisvasco_1980_mar_cand3.txt,texto vacio (PDF escaneado),0
paisvasco_1984_feb_cand0.txt,texto vacio (PDF escaneado),0
paisvasco_1984_feb_cand1.txt,texto vacio (PDF escaneado),0
paisvasco_1984_feb_cand2.txt,texto vacio (PDF escaneado),0
paisvasco_1984_feb_cand3.txt,texto vacio (PDF escaneado),0
paisvasco_1986_nov_cand0.txt,texto vacio (PDF escaneado),0
paisvasco_1986_nov_cand1.txt,texto vacio (PDF escaneado),0
paisvasco_1986_nov_cand2.txt,texto vacio (PDF escaneado),0
paisvasco_1990_oct_cand0.txt,texto vacio (PDF escaneado),0
paisvasco_1990_oct_cand1.txt,texto vacio (PDF escaneado),0
paisvasco_1994_oct_cand0.txt,0 listas,0
paisvasco_1994_oct_cand1.txt,0 listas,0
paisvasco_1994_oct_cand2.txt,0 listas,0
paisvasco_1998_oct_cand0.txt,0 listas,0
paisvasco_1998_oct_cand1.txt,0 listas,0
paisvasco_1998_oct_cand2.txt,0 listas,0
paisvasco_2001_may_cand0.txt,0 listas,0
paisvasco_2001_may_cand1.txt,0 listas,0
paisvasco_2001_may_cand2.txt,0 listas,0
paisvasco_2005_abr_cand0.txt,0 listas,0
paisvasco_2005_abr_cand1.txt,0 listas,0
paisvasco_2005_abr_cand2.txt,0 listas,0
paisvasco_2009_mar_cand0.txt,0 listas,0
paisvasco_2009_mar_cand1.txt,0 listas,0
paisvasco_2009_mar_cand2.txt,0 listas,0
paisvasco_2009_mar_cand3.txt,0 listas,0
paisvasco_2012_oct_cand0.txt,0 listas,0
paisvasco_2012_oct_cand1.txt,0 listas,0
paisvasco_2012_oct_cand2.txt,0 listas,0
paisvasco_2012_oct_cand3.txt,0 listas,0
paisvasco_2012_oct_cand4.txt,0 listas,0
paisvasco_2012_oct_cand5.txt,0 listas,0
paisvasco_2012_oct_cand6.txt,0 listas,0
rioja_1983_may_cand0.txt,texto vacio (PDF escaneado),0
rioja_1987_jun_cand0.txt,0 listas,0
rioja_1991_may_cand0.txt,texto vacio (PDF escaneado),0
rioja_1995_may_cand0.txt,texto vacio (PDF escaneado),0
rioja_1999_jun_cand0.txt,0 listas,0
rioja_2003_may_cand0.txt,0 listas,0
rioja_2007_may_cand0.txt,0 listas,0
rioja_2011_may_cand0.txt,0 listas,0
valencia_1983_may_cand0.txt,texto vacio (PDF escaneado),0
valencia_1983_may_cand1.txt,0 listas,0
valencia_1987_jun_cand0.txt,texto vacio (PDF escaneado),0
valencia_1991_may_cand0.txt,texto vacio (PDF escaneado),0
valencia_1991_may_cand1.txt,texto vacio (PDF escaneado),0
valencia_1995_may_cand0.txt,texto vacio (PDF escaneado),0
valencia_1999_jun_cand0.txt,texto vacio (PDF escaneado),0
valencia_2003_may_cand0.txt,4 listas,388
valencia_2003_may_cand1.txt,0 listas,0
valencia_2007_may_cand0.txt,2 listas,70
valencia_2007_may_cand1.txt,3 listas,174
valencia_2007_may_cand2.txt,3 listas,187
valencia_2007_may_cand3.txt,0 listas,0
valencia_2011_may_cand0.txt,6 listas,209
valencia_2011_may_cand1.txt,0 listas,0
valencia_2011_may_cand2.txt,0 listas,0
jec_ast_2015.pdf,ok,62
jec_cyl_2015.pdf,ok,83
c_nav_2019b.pdf,ok,53
jec_nav_2023.pdf,ok,54
jec_mad_2015.pdf,ok,132
c_val_2015.pdf,ok,226
c_val_2019.pdf,ok,73
jec_cyl_2019.pdf,ok,47
jec_mad_2019.pdf,ok,135
jec_mad_2021.pdf,ok,139
jec_cyl_2022.pdf,ok,38
c_mad_2023.pdf,ok,138
borm_mur_2023.pdf,ok,46
jec_cyl_2026.pdf,ok,38
