nivel,anyo,mes,estado,n
Cabildos insulares,1979,04,ninguna de las tres se presento,0
Cabildos insulares,1987,06,ninguna de las tres se presento,0
Cabildos insulares,1991,05,ninguna de las tres se presento,0
Cabildos insulares,1995,05,ninguna de las tres se presento,0
Cabildos insulares,1999,06,ninguna de las tres se presento,0
Cabildos insulares,2003,05,ninguna de las tres se presento,0
Cabildos insulares,2007,05,con candidatos,29
Cabildos insulares,2011,05,con candidatos,29
Cabildos insulares,2015,05,ninguna de las tres se presento,0
Cabildos insulares,2019,05,ninguna de las tres se presento,0
Cabildos insulares,2023,05,ninguna de las tres se presento,0
Congreso,1977,06,con candidatos,0
Congreso,1979,03,con candidatos,2
Congreso,1982,10,con candidatos,2
Congreso,1986,06,con candidatos,2
Congreso,1989,10,con candidatos,336
Congreso,1993,06,con candidatos,298
Congreso,1996,03,con candidatos,272
Congreso,2000,03,con candidatos,3
Congreso,2004,03,con candidatos,1874
Congreso,2008,03,con candidatos,1208
Congreso,2011,11,con candidatos,126
Congreso,2015,12,con candidatos,112
Congreso,2016,06,con candidatos,139
Congreso,2019,04,con candidatos,21
Congreso,2019,11,con candidatos,24
Congreso,2023,07,con candidatos,133
Parlamento Europeo,1987,06,con candidatos,120
Parlamento Europeo,1989,06,con candidatos,120
Parlamento Europeo,1994,06,con candidatos,192
Parlamento Europeo,1999,06,con candidatos,192
Parlamento Europeo,2004,06,con candidatos,270
Parlamento Europeo,2009,06,con candidatos,200
Parlamento Europeo,2014,05,con candidatos,162
Parlamento Europeo,2019,05,con candidatos,216
Parlamento Europeo,2024,06,con candidatos,61
Municipales,1979,04,con candidatos,0
Municipales,1983,05,con candidatos,0
Municipales,1987,06,con candidatos,674
Municipales,1991,05,con candidatos,509
Municipales,1995,05,con candidatos,445
Municipales,1999,06,con candidatos,356
Municipales,2003,05,con candidatos,2585
Municipales,2007,05,con candidatos,3547
Municipales,2011,05,con candidatos,4750
Municipales,2015,05,con candidatos,3499
Municipales,2019,05,con candidatos,1679
Municipales,2023,05,con candidatos,1364
Senado,1977,06,con candidatos,129
Senado,1979,03,con candidatos,162
Senado,1982,10,con candidatos,185
Senado,1986,06,con candidatos,95
Senado,1989,10,con candidatos,92
Senado,1993,06,con candidatos,71
Senado,1996,03,con candidatos,45
Senado,2000,03,con candidatos,213
Senado,2004,03,con candidatos,307
Senado,2008,03,con candidatos,204
Senado,2011,11,con candidatos,30
Senado,2015,12,con candidatos,28
Senado,2016,06,con candidatos,32
Senado,2019,04,con candidatos,8
Senado,2019,11,con candidatos,11
Senado,2023,07,con candidatos,35
